ID,antigen,hla_name,hla_sequence,binding_aff
1,AAAAFEAAL,B*48:01,TLGFFDAPRGPPWEQPEDQYEGHLGINDWAAAQ,0.522653
2,AAAAFEAAL,C*14:02,TICFFDAPRGPPWEQPEDQDVGHLGINDWAAAQ,0.527533
3,AAADFAHAE,B*44:03,TLGFFDAPRGPPWEQPEDQYEGHIGINDWAAAQ,0.0441596
4,AAAKTPVIV,A*02:01,TVGFFDAQRGPPWEQPEDQHVGHVGIKDWAAAK,0.0337607
5,AAAKTPVIV,A*68:02,TVGFFDAQRGPPWEQPEDQDVGHIGIKDWAAAK,0.29658
6,AAAKTPVIV,A*02:02,TVGFFDARRGPPWEQPEDQHVGHLGIKDWAAAK,0.302386
7,AAAKTPVIV,A*02:03,TVGFFDAQRGPPWEQPEDQHVGHVGIKDWAAAK,0.32917
8,AAAKTPVIV,A*02:06,TVGFFDAQRGPPWEQPEDQHVGHVGIKDWAAAK,0
9,AAAKTPVIVV,A*02:01,TVGFFDAQRGPPWEQPEDQHVGHVGIKDWAAAK,0.0111868
10,AAAKTPVIVV,A*02:06,TVGFFDAQRGPPWEQPEDQHVGHVGIKDWAAAK,0.121997
11,AAAKTPVIVV,A*02:02,TVGFFDARRGPPWEQPEDQHVGHLGIKDWAAAK,0.168935
12,AAAKTPVIVV,A*68:02,TVGFFDAQRGPPWEQPEDQDVGHIGIKDWAAAK,0.208321
13,AAAKTPVIVV,A*02:03,TVGFFDAQRGPPWEQPEDQHVGHVGIKDWAAAK,0.323046
14,AAAQGQAPL,A*02:01,TVGFFDAQRGPPWEQPEDQHVGHVGIKDWAAAK,0.0846866
15,AAAQGQAPL,A*02:03,TVGFFDAQRGPPWEQPEDQHVGHVGIKDWAAAK,0.0846866
16,AAAQGQAPL,A*02:11,FSGPDTRKALQRVLGRGNMFCYYGHAVEALEVR,0.0846866
17,AAAQGQAPL,A*03:01,TLGFFDAQRGPPWEQPEDQDVGHIGINDWAAAK,0.0846866
18,AAAQGQAPL,A*23:01,TVGFFDAQRGPPWEQPEDQDEGHLGIKDWAAAQ,0.0846866
19,AAAQGQAPL,A*24:03,TVGFFDAQRGPPWEQPEDQDEGHLGIKDWAAAK,0.0846866
20,AAAQGQAPL,A*25:01,TVGFFDAQRGPPWEQPEDQDEGHIGINDWAAAQ,0.0846866
21,AAAQGQAPL,A*26:01,TVGFFDAQRGPPWEQPEDQDAGHIGINDWAAAQ,0.0846866
22,AAAQGQAPL,A*29:02,TLGFFDAQRGPPWEQPEDQDAGHIGINDWAAAQ,0.0846866
23,AAAQGQAPL,A*69:01,TVGFFDAQRGPPWEQPEDQDVGHVGIKDWAAAK,0.0846866
24,AAAQGQAPL,A*80:01,TLGFFDAQREPPWEQPEDQNAGHIGINDWAAAK,0.0846866
25,AAAQGQAPL,B*18:01,TLGFFDAPRGPPWEQPEDQYEGHLGINDWAAAQ,0.0846866
26,AAAQGQAPL,B*39:01,TLGFFDAPRGPPWEQPEDQDEGHLGINDWAAAQ,0.0846866
27,AAAQGQAPL,B*51:01,TLGFFDAPRGPPWEQPEDQYEGHWGINDWAAAQ,0.0846866
28,AAAQGQAPL,B*57:01,TLGFFDAPRGPPWEQPEDQYEGHIGINDWAAAQ,0.0846866
29,AAAQGQAPL,C*14:02,TICFFDAPRGPPWEQPEDQDVGHLGINDWAAAQ,0.43935
30,AAAQGQAPL,B*07:02,TLGFFDAPRGPPWEQPEDQDEGHLGINDWAAAQ,0.741466
31,AAAWYLWEV,A*02:17,YSGPDTRKALQRVLGRGNRYCYYGHAVEALEVR,0.329153
32,AAAWYLWEV,A*02:06,TVGFFDAQRGPPWEQPEDQHVGHVGIKDWAAAK,0.88744
33,AAAWYLWEV,A*02:01,TVGFFDAQRGPPWEQPEDQHVGHVGIKDWAAAK,1
34,AAAWYLWEVK,A*32:01,TLGFFDAQRGPPWEQPEDQDEGHIGINDWAAAQ,0.294767
35,AAAYFVGYLK,A*33:01,TLGFFDAQRGPPWEQPEDQDVGHIGINDWAAAQ,0.202173
36,AAAYFVGYLK,A*31:01,TLGFFDAQRRPPWEQPEDQDVGHIGINDWAAAQ,0.478556
37,AAAYFVGYLK,A*03:01,TLGFFDAQRGPPWEQPEDQDVGHIGINDWAAAK,0.793032
38,AAAYFVGYLK,A*68:01,TVGFFDAQRGPPWEQPEDQDVGHIGIKDWAAAK,0.993146
39,AAAYFVGYLK,A*11:01,TLGFFDAQRGPPWEQPEDQDVGHIGINDWAAAK,1
40,AADKAAAAAY,A*02:01,TVGFFDAQRGPPWEQPEDQHVGHVGIKDWAAAK,0.14875
41,AADKAAAAAY,A*03:01,TLGFFDAQRGPPWEQPEDQDVGHIGINDWAAAK,0.14875
42,AADKAAAAAY,A*11:01,TLGFFDAQRGPPWEQPEDQDVGHIGINDWAAAK,0.14875
43,AADKAAAAAY,A*24:02,TVGFFDAQRGPPWEQPEDQDEGHLGIKDWAAAK,0.14875
44,AADKAAAAAY,A*01:01,TLGFFDAQKGPPWEQPEDQDAGHIGINDWAAAK,0.648176
45,AADKAAAAY,A*02:01,TVGFFDAQRGPPWEQPEDQHVGHVGIKDWAAAK,0.14875
46,AADKAAAAY,A*03:01,TLGFFDAQRGPPWEQPEDQDVGHIGINDWAAAK,0.14875
47,AADKAAAAY,A*11:01,TLGFFDAQRGPPWEQPEDQDVGHIGINDWAAAK,0.14875
48,AADKAAAAY,A*24:02,TVGFFDAQRGPPWEQPEDQDEGHLGIKDWAAAK,0.14875
49,AADKAAAAY,A*01:01,TLGFFDAQKGPPWEQPEDQDAGHIGINDWAAAK,0.638438
50,AAERGPGQML,A*23:01,TVGFFDAQRGPPWEQPEDQDEGHLGIKDWAAAQ,0.0150875
51,AAERGPGQML,B*15:01,TLGFFDAPRGPPWEQPEDQYEGHLGINDWAAAQ,0.024389
52,AAERGPGQML,A*26:01,TVGFFDAQRGPPWEQPEDQDAGHIGINDWAAAQ,0.090391
53,AAERGPGQML,B*45:01,TLGFFDAPRGPPWEQPEDQYEGHWGINDWAAAQ,0.160818
54,AAERGPGQML,B*44:03,TLGFFDAPRGPPWEQPEDQYEGHIGINDWAAAQ,0.19866
55,AAERGPGQML,A*02:01,TVGFFDAQRGPPWEQPEDQHVGHVGIKDWAAAK,0.28551
56,AAERGPGQML,B*44:02,TLGFFDAPRGPPWEQPEDQYEGHIGINDWAAAQ,0.373782
57,AAERGPGQML,B*07:02,TLGFFDAPRGPPWEQPEDQDEGHLGINDWAAAQ,0.420652
58,AAERGPGQML,A*02:06,TVGFFDAQRGPPWEQPEDQHVGHVGIKDWAAAK,0.483537
59,AAERGPGQML,A*02:03,TVGFFDAQRGPPWEQPEDQHVGHVGIKDWAAAK,0.531317
60,AAERGPGQML,A*02:02,TVGFFDARRGPPWEQPEDQHVGHLGIKDWAAAK,0.792599
61,AAERGPGQML,A*01:01,TLGFFDAQKGPPWEQPEDQDAGHIGINDWAAAK,0
62,AAERGPGQML,A*03:01,TLGFFDAQRGPPWEQPEDQDVGHIGINDWAAAK,0
63,AAERGPGQML,A*11:01,TLGFFDAQRGPPWEQPEDQDVGHIGINDWAAAK,0
64,AAERGPGQML,A*24:02,TVGFFDAQRGPPWEQPEDQDEGHLGIKDWAAAK,0
65,AAERGPGQML,B*08:01,TLGFFDAPRGPPWEQPEDQDEGHLGINDWAAAQ,0
66,AAERGPGQML,B*57:01,TLGFFDAPRGPPWEQPEDQYEGHIGINDWAAAQ,0
67,AAFVNQHLC,A*02:01,TVGFFDAQRGPPWEQPEDQHVGHVGIKDWAAAK,0
68,AAGIIILMEY,A*33:01,TLGFFDAQRGPPWEQPEDQDVGHIGINDWAAAQ,0.179499
69,AAGIIILMEY,A*03:01,TLGFFDAQRGPPWEQPEDQDVGHIGINDWAAAK,0.191781
70,AAGIIILMEY,A*11:01,TLGFFDAQRGPPWEQPEDQDVGHIGINDWAAAK,0.334558
71,AAGIIILMEY,A*68:01,TVGFFDAQRGPPWEQPEDQDVGHIGIKDWAAAK,0.344711
72,AAGIIILMEY,A*31:01,TLGFFDAQRRPPWEQPEDQDVGHIGINDWAAAQ,0.359082
73,AAIAVGVAL,C*14:02,TICFFDAPRGPPWEQPEDQDVGHLGINDWAAAQ,0.0846866
74,AAIAVGVAL,B*07:02,TLGFFDAPRGPPWEQPEDQDEGHLGINDWAAAQ,0.448116
75,AAICTHLEV,A*02:01,TVGFFDAQRGPPWEQPEDQHVGHVGIKDWAAAK,0.156319
76,AAICTHLEV,A*68:02,TVGFFDAQRGPPWEQPEDQDVGHIGIKDWAAAK,0.168227
77,AAICTHLEV,A*02:06,TVGFFDAQRGPPWEQPEDQHVGHVGIKDWAAAK,0.298896
78,AAICTHLEV,A*02:03,TVGFFDAQRGPPWEQPEDQHVGHVGIKDWAAAK,0.344634
79,AAICTHLEV,A*02:02,TVGFFDARRGPPWEQPEDQHVGHLGIKDWAAAK,0
80,AAIDLSHFL,A*11:01,TLGFFDAQRGPPWEQPEDQDVGHIGINDWAAAK,0.0263279
81,AAIDLSHFL,A*24:02,TVGFFDAQRGPPWEQPEDQDEGHLGIKDWAAAK,0.0497117
82,AAIDLSHFL,A*23:01,TVGFFDAQRGPPWEQPEDQDEGHLGIKDWAAAQ,0.0757738
83,AAIDLSHFL,B*57:01,TLGFFDAPRGPPWEQPEDQYEGHIGINDWAAAQ,0.136455
84,AAIDLSHFL,B*15:03,TLGFFDAPRGPPWEQPEDQYEGHLGINDWAAAQ,0.299379
85,AAIDLSHFL,A*30:02,TLGFFDAQRRPPWEQPEDQDEGHIGINDWAAAQ,0.370005
86,AAIDLSHFL,B*15:01,TLGFFDAPRGPPWEQPEDQYEGHLGINDWAAAQ,0.393698
87,AAIDLSHFL,B*58:01,TLGFFDAPRGPPWEQPEDQYEGHIGINDWAAAQ,0.542427
88,AAIDLSHFL,A*03:01,TLGFFDAQRGPPWEQPEDQDVGHIGINDWAAAK,0
89,AAIGKAWEEG,A*32:01,TLGFFDAQRGPPWEQPEDQDEGHIGINDWAAAQ,0
90,AAKGASMTL,A*30:01,TLGFFDAQRRPPWEQPEDQDVGHIGINDWAAAQ,1
91,AAKTPVIVV,A*02:06,TVGFFDAQRGPPWEQPEDQHVGHVGIKDWAAAK,0.0628072
92,AAKTPVIVV,A*02:01,TVGFFDAQRGPPWEQPEDQHVGHVGIKDWAAAK,0.154213
93,AAKTPVIVV,A*68:02,TVGFFDAQRGPPWEQPEDQDVGHIGIKDWAAAK,0.227291
94,AAKTPVIVV,A*02:03,TVGFFDAQRGPPWEQPEDQHVGHVGIKDWAAAK,0.316633
95,AAKTPVIVV,A*02:02,TVGFFDARRGPPWEQPEDQHVGHLGIKDWAAAK,0.333221
96,AAKYVEHDPR,A*11:01,TLGFFDAQRGPPWEQPEDQDVGHIGINDWAAAK,0.0230268
97,AAKYVEHDPR,A*03:01,TLGFFDAQRGPPWEQPEDQDVGHIGINDWAAAK,0.0442409
98,AAKYVEHDPR,A*33:01,TLGFFDAQRGPPWEQPEDQDVGHIGINDWAAAQ,0.325401
99,AAKYVEHDPR,A*68:01,TVGFFDAQRGPPWEQPEDQDVGHIGIKDWAAAK,0.489319
100,AAKYVEHDPR,A*31:01,TLGFFDAQRRPPWEQPEDQDVGHIGINDWAAAQ,0.524979
101,AALDLSHFL,B*15:01,TLGFFDAPRGPPWEQPEDQYEGHLGINDWAAAQ,0.0567176
102,AALDLSHFL,A*11:01,TLGFFDAQRGPPWEQPEDQDVGHIGINDWAAAK,0.0660333
103,AALDLSHFL,A*23:01,TVGFFDAQRGPPWEQPEDQDEGHLGIKDWAAAQ,0.105452
104,AALDLSHFL,B*15:03,TLGFFDAPRGPPWEQPEDQYEGHLGINDWAAAQ,0.167314
105,AALDLSHFL,A*30:02,TLGFFDAQRRPPWEQPEDQDEGHIGINDWAAAQ,0.244518
106,AALDLSHFL,B*57:01,TLGFFDAPRGPPWEQPEDQYEGHIGINDWAAAQ,0.383455
107,AALDLSHFL,B*58:01,TLGFFDAPRGPPWEQPEDQYEGHIGINDWAAAQ,0.418465
108,AALDLSHFL,A*03:01,TLGFFDAQRGPPWEQPEDQDVGHIGINDWAAAK,0
109,AALDLSHFL,A*24:02,TVGFFDAQRGPPWEQPEDQDEGHLGIKDWAAAK,0
110,AALEGLSGF,A*02:03,TVGFFDAQRGPPWEQPEDQHVGHVGIKDWAAAK,0.0846866
111,AALEGLSGF,A*03:01,TLGFFDAQRGPPWEQPEDQDVGHIGINDWAAAK,0.0846866
112,AALEGLSGF,A*26:01,TVGFFDAQRGPPWEQPEDQDAGHIGINDWAAAQ,0.0846866
113,AALEGLSGF,A*69:01,TVGFFDAQRGPPWEQPEDQDVGHVGIKDWAAAK,0.0846866
114,AALEGLSGF,A*80:01,TLGFFDAQREPPWEQPEDQNAGHIGINDWAAAK,0.0846866
115,AALEGLSGF,B*18:01,TLGFFDAPRGPPWEQPEDQYEGHLGINDWAAAQ,0.0846866
116,AALEGLSGF,B*39:01,TLGFFDAPRGPPWEQPEDQDEGHLGINDWAAAQ,0.0846866
117,AALEGLSGF,B*51:01,TLGFFDAPRGPPWEQPEDQYEGHWGINDWAAAQ,0.0846866
118,AALEGLSGF,B*57:01,TLGFFDAPRGPPWEQPEDQYEGHIGINDWAAAQ,0.0846866
119,AALEGLSGF,A*01:01,TLGFFDAQKGPPWEQPEDQDAGHIGINDWAAAK,0.212813
120,AALEGLSGF,A*11:01,TLGFFDAQRGPPWEQPEDQDVGHIGINDWAAAK,0.212813
121,AALEGLSGF,A*30:01,TLGFFDAQRRPPWEQPEDQDVGHIGINDWAAAQ,0.212813
122,AALEGLSGF,A*66:01,TVGFFDAQRGPPWEQPEDQDVGHIGINDWAAAQ,0.212813
123,AALEGLSGF,B*07:02,TLGFFDAPRGPPWEQPEDQDEGHLGINDWAAAQ,0.212813
124,AALEGLSGF,B*08:01,TLGFFDAPRGPPWEQPEDQDEGHLGINDWAAAQ,0.212813
125,AALEGLSGF,B*14:02,TLGFFDAPRGPPWEQPEDQDEGHLGINDWAAAQ,0.212813
126,AALEGLSGF,B*27:05,TLGFFDAPRGPPWEQPEDQDEGHLGINDWAAAQ,0.212813
127,AALEGLSGF,B*40:01,TLGFFDAPRGPPWEQPEDQYEGHLGINDWAAAQ,0.212813
128,AALEGLSGF,B*44:02,TLGFFDAPRGPPWEQPEDQYEGHIGINDWAAAQ,0.212813
129,AALEGLSGF,B*53:01,TLGFFDAPRGPPWEQPEDQYEGHIGINDWAAAQ,0.212813
