,tcr,hla_sequence,antigen
0,CAKSYVKRTGPTFT,TLGFFDAQRGPPWEQPEDQDVGHIGINDWAAAK,IVTDFSVIK
1,QWISEVGVWQMDMF,TLGFFDAQRGPPWEQPEDQDVGHIGINDWAAAK,KLGGALQAK
2,AAISEQYVVLPQHK,TLGFFDAQRGPPWEQPEDQDVGHIGINDWAAAK,KLGGALQAK
3,PYISEIGVGQKQHC,TVGFFDAQRGPPWEQPEDQHVGHVGIKDWAAAK,NLSALGIFST
4,ASSFDNETDTAYF,TVGFFDAQRGPPWEQPEDQHVGHVGIKDWAAAK,NLVPMVATV
5,ASSPGQAIEMY,TVGFFDAQRGPPWEQPEDQHVGHVGIKDWAAAK,YVLDHLIVV
6,ALSLEQVSEQY,TVGFFDAQRGPPWEQPEDQHVGHVGIKDWAAAK,LLWNGPMAV
7,YPSLGQKYEQY,TLGFFDAQRGPPWEQPEDQDVGHIGINDWAAAK,KLGGALQAK
8,AWSLGQPYEQC,TVGFFDAQRGPPWEQPEDQHVGHVGIKDWAAAK,YVLDHLIVV
9,WLSVGQAYEQY,TVGFFDAQRGPPWEQPEDQHVGHVGIKDWAAAK,YVLDHLIVV
10,ASIRGNAYEWY,TVGFFDAQRGPPWEQPEDQHVGHVGIKDWAAAK,GLCTLVAML
11,ASSLGQWCECH,TLGFFDAQKGPPWEQPEDQDAGHIGINDWAAAK,VTEHDTLLY
12,TKRPGLASIRPEQR,TLGFFDAQRGPPWEQPEDQDVGHIGINDWAAAK,AVFDRKSDAK
13,ASGPGSAGERPEKY,TVGFFDAQRGPPWEQPEDQHVGHVGIKDWAAAK,YVLDHLIVV
14,ASYPCLAHGRPEYY,TLGFFDAQRGPPWEQPEDQDVGHIGINDWAAAK,KLGGALQAK
15,ASRPGGGGHNIEQY,TLGFFDAQRGPPWEQPEDQDVGHIGINDWAAAK,KLGGALQAK
16,AIKPGRQGGRAEQL,TVGFFDAQRGPPWEQPEDQHVGHVGIKDWAAAK,GLCTLVAML
17,ASDPGMANSRPFQY,TLGFFDAQRGPPWEQPEDQDVGHIGINDWAAAK,KLGGALQAK
18,VAREGLAGGRNEQA,TLGFFDAQRGPPWEQPEDQDVGHIGINDWAAAK,KLGGALQAK
19,ANRPGIAFGMPEYG,TLGFFDAQRGPPWEQPEDQDVGHIGINDWAAAK,IVTDFSVIK
20,ASSHREGELF,TLGFFDAPRGPPWEQPEDQDEGHLGINDWAAAQ,RAKFKQLL
21,ASSARTGYLF,TLGFFDAQRGPPWEQPEDQDVGHIGINDWAAAK,KLGGALQAK
22,CSSARSDEKF,TVGFFDAQRGPPWEQPEDQHVGHVGIKDWAAAK,YVLDHLIVV
23,AHSARSFELF,TLGFFDAQRGPPWEQPEDQDVGHIGINDWAAAK,KLGGALQAK
24,ASSFRSVERF,TLGFFDAQRGPPWEQPEDQDVGHIGINDWAAAK,KLGGALQAK
25,ASSFRSAELF,TLGFFDAQRGPPWEQPEDQDVGHIGINDWAAAK,KLGGALQAK
26,YSRARSGELH,TLGFFDAQRGPPWEQPEDQDVGHIGINDWAAAK,KLGGALQAK
27,LSSARSTQLF,TVGFFDAQRGPPWEQPEDQHVGHVGIKDWAAAK,GLCTLVAML
28,ASSARSGYPQ,TLGFFDAPRGPPWEQPEDQDEGHLGINDWAAAQ,RAKFKQLL
29,ASYFTWYSQGATTTQY,TLGFFDAQRGPPWEQPEDQDVGHIGINDWAAAK,LVVDFSQFSR
30,ASNFTHEKGGQTSTQY,TVGFFDAQRGPPWEQPEDQHVGHVGIKDWAAAK,YVLDHLIVV
31,ASSFTLGYGGATDTGH,TVGFFDAQRGPPWEQPEDQHVGHVGIKDWAAAK,GILGFVFTL
32,ASSFTDTSIRATTTQY,TLGFFDAQRGPPWEQPEDQDVGHIGINDWAAAK,KLGGALQAK
33,ASRFNVTSGTATCTQF,TLGFFDAQRGPPWEQPEDQDVGHIGINDWAAAK,KLGGALQAK
34,WATSTAKGLGEHGQAF,TVGFFDAQRGPPWEQPEDQHVGHVGIKDWAAAK,GLCTLVAML
35,KALDGQGWGYTC,TVGFFDAQRGPPWEQPEDQHVGHVGIKDWAAAK,GILGFVFTL
36,CCILADGYGARF,TVGFFDAQRGPPWEQPEDQHVGHVGIKDWAAAK,GILGFVFTL
37,CAILGQEYGDYR,TVGFFDAQRGPPWEQPEDQHVGHVGIKDWAAAK,GILGFVFTL
38,CANNKKGYGETF,TLGFFDAQRGPPWEQPEDQDVGHIGINDWAAAK,KLGGALQAK
39,FAIWGQGYGYTM,TLGFFDAPRGPPWEQPEDQDEGHLGINDWAAAQ,TPGPGVRYPL
40,CANYGQPYGYVF,TVGFFDAQRGPPWEQPEDQHVGHVGIKDWAAAK,GLCTLVAML
41,IAIIGQGYGYVF,TLGFFDAQRGPPWEQPEDQDAGHIGINDWAAAQ,QTNPVTLQY
42,CAIPGRGYGYMF,TVGFFDAQRGPPWEQPEDQHVGHVGIKDWAAAK,NLVPMVATV
43,PAQLGQGYGETF,TVGFFDAQRGPPWEQPEDQDEGHLGIKDWAAAK,EYILSLEEL
44,CSILGVKYGYTF,TVGFFDAQRGPPWEQPEDQHVGHVGIKDWAAAK,NLVPMVATV
45,CAILTQCVGYTR,TLGFFDAQRGPPWEQPEDQDVGHIGINDWAAAK,KLGGALQAK
46,DAILWQKYMYTF,TVGFFDAQRGPPWEQPEDQHVGHVGIKDWAAAK,ELAGIGILTV
47,CAILGDGMGNTF,TVGFFDAQRGPPWEQPEDQHVGHVGIKDWAAAK,YVLDHLIVV
48,CEILHQGFGYTF,TVGFFDAQRGPPWEQPEDQHVGHVGIKDWAAAK,YLQPRTFLL
49,CGILGWGFGYTF,TVGFFDAQRGPPWEQPEDQHVGHVGIKDWAAAK,YVLDHLIVV
50,QAILGQYNGYQF,TVGFFDAQRGPPWEQPEDQHVGHVGIKDWAAAK,GLCTLVAML
51,TAVNTFSPGYSQF,TVGFFDAQRGPPWEQPEDQHVGHVGIKDWAAAK,NLVPMVATV
52,CASQWFSPIQAQF,TLGFFDAQRGPPWEQPEDQDVGHIGINDWAAAK,KLGGALQAK
53,CAMITFSMCQTQF,TVGFFDAQRGPPWEQPEDQHVGHVGIKDWAAAK,NLVPMVATV
54,CTEQTFSPGQFQF,TVGFFDAQRGPPWEQPEDQHVGHVGIKDWAAAK,LLWNGPMAV
55,VASQEFSEGQTQF,TLGFFDAQRGPPWEQPEDQDVGHIGINDWAAAK,LVVDFSQFSR
56,CASFTFRPGQTQP,TLGFFDAQRGPPWEQPEDQDVGHIGINDWAAAK,LVVDFSQFSR
57,RASQCFTPGGDQF,TVGFFDAQRGPPWEQPEDQHVGHVGIKDWAAAK,GLCTLVAML
58,CHSQTASPEQTQF,TVGFFDAQRGPPWEQPEDQHVGHVGIKDWAAAK,YVLDHLIVV
59,GASQTLEPGGTQF,TLGFFDAPRGPPWEQPEDQDEGHLGINDWAAAQ,LPRRSGAAGA
60,CALQTNMPGQHYF,TVGFFDAQRGPPWEQPEDQDEGHLGIKDWAAAK,QYDPVAALF
61,CASQEFSKGAKQF,TLGFFDAQRGPPWEQPEDQDVGHIGINDWAAAK,STLPETAVVRR
62,CNSQQFHYGHTQF,TVGFFDAQRGPPWEQPEDQHVGHVGIKDWAAAK,YVLDHLIVV
63,DAAQTFSDGQTQD,TLGFFDAQRGPPWEQPEDQDVGHIGINDWAAAK,KLGGALQAK
64,CAAQTFSYGQTSF,TVGFFDAQRGPPWEQPEDQHVGHVGIKDWAAAK,GLCTLVAML
65,WWSCYVGNEGELFR,TVGFFDAQRGPPWEQPEDQHVGHVGIKDWAAAK,LLWNGPMAV
66,CRSHPLNGGAQETRYF,TVGFFDAQRGPPWEQPEDQHVGHVGIKDWAAAK,YVLDHLIVV
67,KSYSQFPMLTYYQYF,TVGFFDAQRGPPWEQPEDQHVGHVGIKDWAAAK,GLCTLVAML
68,CAARGGGGTDYTF,TVGFFDAQRGPPWEQPEDQHVGHVGIKDWAAAK,GILGFVFTL
69,MSAFGVCGGDYTF,TLGFFDAQRGPPWEQPEDQDVGHIGINDWAAAK,KLGGALQAK
70,CSIIGGRGGPYTF,TLGFFDAQRGPPWEQPEDQDVGHIGINDWAAAK,KLGGALQAK
71,CMLRLGRGGDLTN,TLGFFDAQRGPPWEQPEDQDVGHIGINDWAAAK,KLGGALQAK
72,FSARDARGGDMTF,TLGFFDAQRGPPWEQPEDQDVGHIGINDWAAAK,LVVDFSQFSR
73,CLADGYRGAGYTF,TVGFFDAQRGPPWEQPEDQHVGHVGIKDWAAAK,YVLDHLIVV
74,CSASGETFLEMFY,TVGFFDAQRGPPWEQPEDQHVGHVGIKDWAAAK,GLCTLVAML
75,SASGDMFSPLHF,TVGFFDAQRGPPWEQPEDQHVGHVGIKDWAAAK,GILGFVFTL
76,QASGPSDSPLIF,TLGFFDAQRGPPWEQPEDQDVGHIGINDWAAAK,KLGGALQAK
77,CNSGDSNSWMHF,TLGFFDAQRGPPWEQPEDQDVGHIGINDWAAAK,KLGGALQAK
78,RAYGLSNSVIHF,TVGFFDAQRGPPWEQPEDQHVGHVGIKDWAAAK,ILTGLNYEV
79,HAENMSNSPLHF,TVGFFDAQRGPPWEQPEDQHVGHVGIKDWAAAK,GILGFVFTL
80,CAVGDRNSELHY,TVGFFDAQRGPPWEQPEDQHVGHVGIKDWAAAK,NLVPMVATV
81,QAMGDRDSWLHF,TVGFFDAQRGPPWEQPEDQHVGHVGIKDWAAAK,YVLDHLIVV
82,IASGDSNMQLQT,TVGFFDAQRGPPWEQPEDQHVGHVGIKDWAAAK,GILGFVFTL
83,CASGDIHSPAHF,TLGFFDAQRGPPWEQPEDQDVGHIGINDWAAAK,LVVDFSQFSR
84,HASGDSNRPLHN,TLGFFDAPRGPPWEQPEDQDEGHLGINDWAAAQ,TPRVTGGGAM
85,CASADINSERHF,TLGFFDAQRGPPWEQPEDQDVGHIGINDWAAAK,KLGGALQAK
86,CAYGSNNAPLHG,TLGFFDAPRGPPWEQPEDQDEGHLGINDWAAAQ,LPRRSGAAGA
87,CAQGDSSSNLHI,TVGFFDAQRGPPWEQPEDQHVGHVGIKDWAAAK,LLLGIGILV
88,CAQSEDLDCSNYQYF,TVGFFDAQRGPPWEQPEDQHVGHVGIKDWAAAK,GLCTLVAML
89,CASHIMREQFF,TLGFFDAQRGPPWEQPEDQDVGHIGINDWAAAK,KLGGALQAK
90,CAKRDRRESQF,TVGFFDAQRGPPWEQPEDQHVGHVGIKDWAAAK,NLVPMVATV
91,EASRDRSEQFT,TVGFFDAQRGPPWEQPEDQHVGHVGIKDWAAAK,NLVPMVATV
92,CAMVPRREQFF,TLGFFDAQRGPPWEQPEDQDVGHIGINDWAAAK,KLGGALQAK
93,CYSSEIKGANLTQYF,TLGFFDAQRGPPWEQPEDQDVGHIGINDWAAAK,KLGGALQAK
94,AAYMEGGADNSPFHF,TVGFFDAQRGPPWEQPEDQHVGHVGIKDWAAAK,GLCTLVAML
95,CASSEWMADNCPLKG,TLGFFDAQRGPPWEQPEDQDVGHIGINDWAAAK,KLGGALQAK
96,CASSSSLGVRGYEQFF,TVGFFDAQRGPPWEQPEDQHVGHVGIKDWAAAK,CINGVCWTV
97,CASSESHGVSCEEQEF,TVGFFDAQRGPPWEQPEDQHVGHVGIKDWAAAK,CLNEYHLFL
98,CAKIMSLGVGVYEQYF,TLGFFDAQRGPPWEQPEDQDVGHIGINDWAAAK,AVFDRKSDAK
99,CAESFESTGQGRTWTF,TVGFFDAQRGPPWEQPEDQHVGHVGIKDWAAAK,NLVPMVATV
100,CASSFKSTGQKPGGRF,TLGFFDAPRGPPWEQPEDQDEGHLGINDWAAAQ,TPRVTGGGAM
101,CASSSKQIVYEMYQ,TLGFFDAPRGPPWEQPEDQDEGHLGINDWAAAQ,KRWIILGLNK
102,SAVSFGQIAYEQYF,TLGFFDAQRGPPWEQPEDQDVGHIGINDWAAAK,KLGGALQAK
103,CHSEDFQIVYEQPF,TLGFFDAQRGPPWEQPEDQDVGHIGINDWAAAK,KLGGALQAK
104,CASSVMSEVYEQYL,TLGFFDAQRGPPWEQPEDQDVGHIGINDWAAAK,KLGGALQAK
105,CDSSEPFQGDYAYTV,TVGFFDAQRGPPWEQPEDQHVGHVGIKDWAAAK,NLVPMVATV
106,IASTGNKRGDMGYEL,TLGFFDAPRGPPWEQPEDQDEGHLGINDWAAAQ,TPRVTGGGAM
107,CRSSQYFGKETQYM,TVGFFDAQRGPPWEQPEDQHVGHVGIKDWAAAK,YVLDHLIVV
108,WESSLHTGNETQYR,TVGFFDAQRGPPWEQPEDQHVGHVGIKDWAAAK,NLVPMVATV
109,YAFVSDFYEQEF,TLGFFDAPRGPPWEQPEDQDEGHLGINDWAAAQ,RAKFKQLL
110,CFSSSDYEEQRF,TVGFFDAQRGPPWEQPEDQHVGHVGIKDWAAAK,GILGFVFTL
111,CATSSDYYWQVF,TLGFFDAPRGPPWEQPEDQYEGHIGINDWAAAQ,TSTLAEQIAW
112,CAMYRTAGETQYS,TVGFFDAQRGPPWEQPEDQHVGHVGIKDWAAAK,GLCTLVAML
113,DHTSGLAGSTQPF,TVGFFDAQRGPPWEQPEDQHVGHVGIKDWAAAK,YVLDHLIVV
114,CAWSPLAGETSYF,TVGFFDAQRGPPWEQPEDQHVGHVGIKDWAAAK,NLVPMVATV
115,CMECLSLAGVYNAEFF,TVGFFDAQRGPPWEQPEDQHVGHVGIKDWAAAK,GILGFVFTL
116,CLSEGTEVATRELFF,TLGFFDAQRGPPWEQPEDQDVGHIGINDWAAAK,KLGGALQAK
117,CAWNVGANTGEWFC,TLGFFDAPRGPPWEQPEDQDEGHLGINDWAAAQ,FPRPWLHGL
118,CLSSSGGGLVAEL,TLGFFDAQRGPPWEQPEDQDVGHIGINDWAAAK,AVFDRKSDAK
119,CASSSGGGCLSEL,TLGFFDAQRGPPWEQPEDQDVGHIGINDWAAAK,KLGGALQAK
120,RASSFAGGCLAEY,TVGFFDAQRGPPWEQPEDQHVGHVGIKDWAAAK,GILGFVFTL
121,CASSKGGGGAAEN,TVGFFDAQRGPPWEQPEDQHVGHVGIKDWAAAK,NLVPMVATV
122,GMSSLGKTKEQYF,TVGFFDAQRGPPWEQPEDQHVGHVGIKDWAAAK,YVLDHLIVV
123,CASSTDPTHEQTF,TLGFFDAQRGPPWEQPEDQDVGHIGINDWAAAK,RLRAEAQVK
124,HASSLSPEHEQYF,TLGFFDAPRGPPWEQPEDQDEGHLGINDWAAAQ,RAKFKQLL
125,FAWILVFRGETPYF,TLGFFDAPRGPPWEQPEDQDEGHLGINDWAAAQ,APAGPHGGAASGL
126,CGRRFAGCGVNPQYD,TLGFFDAQRGPPWEQPEDQDVGHIGINDWAAAK,KLGGALQAK
127,CARSPSKTQYT,TLGFFDAQRGPPWEQPEDQDVGHIGINDWAAAK,KLGGALQAK
128,EPSSFPQGAGTDTQCF,TVGFFDAQRGPPWEQPEDQDEGHLGIKDWAAAK,FYGKTILWF
129,DACSGGDQETQYF,TLGFFDAPRGPPWEQPEDQDEGHLGINDWAAAQ,RAKFKQLL
130,HASSWGFGTNNTPAFL,TLGFFDAPRGPPWEQPEDQDEGHLGINDWAAAQ,RAKFKQLL
131,CAHSIGVMHGYTK,TVGFFDAQRGPPWEQPEDQHVGHVGIKDWAAAK,GILGFVFTL
132,CANSLTILGGSDGETR,TLGFFDAQRGPPWEQPEDQDVGHIGINDWAAAK,KLGGALQAK
133,CVFSLFYGGGAINQYK,TVGFFDAQRGPPWEQPEDQHVGHVGIKDWAAAK,LLWNGPMAV
134,HASIPASAEEQAI,TLGFFDAQRGPPWEQPEDQDVGHIGINDWAAAK,KLGGALQAK
135,CASSSKGMFEQFS,TLGFFDAQRGPPWEQPEDQDVGHIGINDWAAAK,STLPETAVVRR
136,CASTIYWDSDEQQTAYF,TLGFFDAQRGPPWEQPEDQDVGHIGINDWAAAK,KLGGALQAK
137,CVTSTQNYWDYK,TVGFFDAQRGPPWEQPEDQHVGHVGIKDWAAAK,ELAGIGILTV
138,LSEDVGDKSYEWHF,TLGFFDAQRGPPWEQPEDQDVGHIGINDWAAAK,AVFDRKSDAK
139,CCGQGCSYEQDM,TLGFFDAPRGPPWEQPEDQDEGHLGINDWAAAQ,RAKFKQLL
140,CISKTRRGDNEQFF,TVGFFDAQRGPPWEQPEDQHVGHVGIKDWAAAK,GILGFVFTL
141,CASSTETWFSCFM,TVGFFDAQRGPPWEQPEDQHVGHVGIKDWAAAK,NLVPMVATV
142,CQSSTGQSASQFF,TVGFFDAQRGPPWEQPEDQHVGHVGIKDWAAAK,LLWNGPMAV
143,CASSQGTHGSTSF,TLGFFDAQRGPPWEQPEDQDVGHIGINDWAAAK,KLGGALQAK
144,CALPRFGGRNQFF,TVGFFDAQRGPPWEQPEDQHVGHVGIKDWAAAK,YVLDHLIVV
145,CETSRFNGWTQSF,TVGFFDAQRGPPWEQPEDQHVGHVGIKDWAAAK,NLVPMVATV
146,CWTSGGGGYTQYR,TLGFFDAQRGPPWEQPEDQDVGHIGINDWAAAK,KLGGALQAK
147,CASGGIEGKVFETQYF,TVGFFDAQRGPPWEQPEDQHVGHVGIKDWAAAK,NLVPMVATV
148,RASSMSGGKGTYARF,TVGFFDAQRGPPWEQPEDQHVGHVGIKDWAAAK,YVLDHLIVV
149,CASSQDLRNMGTTLFD,TVGFFDAQRGPPWEQPEDQHVGHVGIKDWAAAK,YVLDHLIVV
150,CYSAGNTAGSNEYYF,TLGFFDAPRGPPWEQPEDQDEGHLGINDWAAAQ,RAKFKQLL
151,CSARAGSDRVQQRF,TVGFFDAQRGPPWEQPEDQHVGHVGIKDWAAAK,YVLDHLIVV
152,IASRHRIHRTEYFL,TVGFFDAQRGPPWEQPEDQHVGHVGIKDWAAAK,YLQPRTFLL
153,CTSNDFLYPYEQVQ,TVGFFDAQRGPPWEQPEDQHVGHVGIKDWAAAK,YVLDHLIVV
154,CPADWTADTKAFF,TVGFFDAQRGPPWEQPEDQHVGHVGIKDWAAAK,GLCTLVAML
155,CSARWRKETYNEQFH,TLGFFDAPRGPPWEQPEDQDEGHLGINDWAAAQ,RAKFKQLL
156,CRRIRESEMFF,TVGFFDAQRGPPWEQPEDQHVGHVGIKDWAAAK,YLQPRTFLL
157,RAWIRDTMMFF,TLGFFDAQRGPPWEQPEDQDVGHIGINDWAAAK,STLPETAVVRR
158,CWWIPETWAFF,TLGFFDAQRGPPWEQPEDQDVGHIGINDWAAAK,AVFDRKSDAK
159,CTWDRPTEANF,TVGFFDAQRGPPWEQPEDQHVGHVGIKDWAAAK,GLCTLVAML
160,CATVRDWDNYGQYF,TLGFFDAQRGPPWEQPEDQDVGHIGINDWAAAK,KLGGALQAK
161,CSAHDGHDYGYSC,TVGFFDAQRGPPWEQPEDQHVGHVGIKDWAAAK,GLCTLVAML
162,ASSLVMGALYEEQCF,TLGFFDAQRGPPWEQPEDQDVGHIGINDWAAAK,KLGGALQAK
163,AISLDGKYEQY,TVGFFDAQRGPPWEQPEDQHVGHVGIKDWAAAK,GILGFVFTL
164,ASSARSGEKP,TLGFFDAPRGPPWEQPEDQDEGHLGINDWAAAQ,TPRVTGGGAM
165,ASSARSGTLP,TVGFFDAQRGPPWEQPEDQHVGHVGIKDWAAAK,YVLDHLIVV
166,CSSYRSMELF,TVGFFDAQRGPPWEQPEDQHVGHVGIKDWAAAK,GLCTLVAML
167,ASSERTGEED,TVGFFDAQRGPPWEQPEDQHVGHVGIKDWAAAK,YVLDHLIVV
168,CYSSYEGNRFETFD,TVGFFDAQRGPPWEQPEDQHVGHVGIKDWAAAK,GILGFVFTL
169,AAISEVGVGQSWSF,TVGFFDAQRGPPWEQPEDQHVGHVGIKDWAAAK,YVLDHLIVV
170,CAPNEVGVDATKHF,TVGFFDAQRGPPWEQPEDQHVGHVGIKDWAAAK,ELAGIGILTV
171,CAISPVGVGIPAHM,TVGFFDAQRGPPWEQPEDQHVGHVGIKDWAAAK,GLCTLVAML
172,ASSFINGTTTEYF,TLGFFDAQRGPPWEQPEDQDVGHIGINDWAAAK,KLGGALQAK
173,ALSCGGALEQY,TLGFFDAQRGPPWEQPEDQDVGHIGINDWAAAK,KLGGALQAK
174,ASSLSQHYHQE,TLGFFDAQRGPPWEQPEDQDVGHIGINDWAAAK,KLGGALQAK
175,ARSLDQAYEVY,TVGFFDAQRGPPWEQPEDQHVGHVGIKDWAAAK,GILGFVFTL
176,KKSLYYAYEQY,TVGFFDAQRGPPWEQPEDQHVGHVGIKDWAAAK,YVLDHLIVV
177,ASSHGQMYEFY,TLGFFDAQRGPPWEQPEDQDVGHIGINDWAAAK,KLGGALQAK
178,ASSLGGQYHQY,TVGFFDAQRGPPWEQPEDQHVGHVGIKDWAAAK,GILGFVFTL
179,ASSLYSAYELY,TVGFFDAQRGPPWEQPEDQHVGHVGIKDWAAAK,YVLDHLIVV
180,ASRPDLLGERNEDY,TVGFFDAQRGPPWEQPEDQHVGHVGIKDWAAAK,GLCTLVAML
181,ASINGLRGMRPQQY,TVGFFDAQRGPPWEQPEDQHVGHVGIKDWAAAK,GLCTLVAML
182,RSGIQLALGRAEQY,TLGFFDAQRGPPWEQPEDQDVGHIGINDWAAAK,KLGGALQAK
183,YLHPGGAGGKPTQY,TVGFFDAQRGPPWEQPEDQHVGHVGIKDWAAAK,GLCTLVAML
184,ASRPFMRGGRPEQL,TVGFFDAQRGPPWEQPEDQHVGHVGIKDWAAAK,YVLDHLIVV
185,SFRPLPAGVRPEQY,TLGFFDAQRGPPWEQPEDQDVGHIGINDWAAAK,KLGGALQAK
186,ASRPPHAGYRSEAY,TLGFFDAQRGPPWEQPEDQDVGHIGINDWAAAK,IVTDFSVIK
187,ASRPGVHGSRHEQY,TVGFFDAQRGPPWEQPEDQHVGHVGIKDWAAAK,GILGFVFTL
188,ASSARSMYLF,TLGFFDAQRGPPWEQPEDQDVGHIGINDWAAAK,RLRAEAQVK
189,WSSARRLEWF,TLGFFDAQRGPPWEQPEDQDVGHIGINDWAAAK,KLGGALQAK
190,ASWLRSGELF,TLGFFDAQRGPPWEQPEDQDVGHIGINDWAAAK,IVTDFSVIK
191,WSEAPSGELE,TLGFFDAQRGPPWEQPEDQDVGHIGINDWAAAK,KLGGALQAK
192,ANSARIGHPF,TLGFFDAQRGPPWEQPEDQDVGHIGINDWAAAK,KLGGALQAK
193,ASVAREGELF,TVGFFDAQRGPPWEQPEDQHVGHVGIKDWAAAK,NLVPMVATV
194,KSGERSGILF,TLGFFDAQRGPPWEQPEDQDVGHIGINDWAAAK,KLGGALQAK
195,ASCHRSTELH,TVGFFDAQRGPPWEQPEDQHVGHVGIKDWAAAK,YVLDHLIVV
196,WSSARSWTLF,TVGFFDAQRGPPWEQPEDQHVGHVGIKDWAAAK,GILGFVFTL
197,ASCFTWTSTAATDTQC,TLGFFDAQRGPPWEQPEDQDVGHIGINDWAAAK,KLGGALQAK
198,ASQPTKTTGGATQTNY,TLGFFDAQRGPPWEQPEDQDVGHIGINDWAAAK,KLGGALQAK
199,ASSRTWTFGYAADTQY,TLGFFDAQRGPPWEQPEDQDVGHIGINDWAAAK,KLGGALQAK
200,YISFTHIIGGATDTQY,TVGFFDAQRGPPWEQPEDQHVGHVGIKDWAAAK,GLCTLVAML
201,AMSFTWTPKGAWCTGY,TLGFFDAQRGPPWEQPEDQDVGHIGINDWAAAK,KLGGALQAK
202,CCTTHMRGQGEHGYTF,TLGFFDAQRGPPWEQPEDQDVGHIGINDWAAAK,AVFDRKSDAK
203,VACLGQGYGITN,TLGFFDAQRGPPWEQPEDQDVGHIGINDWAAAK,STLPETAVVRR
204,CANLGYGYGVTF,TLGFFDAQRGPPWEQPEDQDVGHIGINDWAAAK,KLGGALQAK
205,PAILGQKYGYAS,TLGFFDAQRGPPWEQPEDQDVGHIGINDWAAAK,KLGGALQAK
206,CAIHQKGYGYTF,TLGFFDAQRGPPWEQPEDQDVGHIGINDWAAAK,KLGGALQAK
207,CLILKIGYGYTQ,TVGFFDAQRGPPWEQPEDQHVGHVGIKDWAAAK,ELAGIGILTV
208,RYCLGMAYGYTF,TVGFFDAQRGPPWEQPEDQHVGHVGIKDWAAAK,YVLDHLIVV
209,DAILGQGGRLTI,TVGFFDAQRGPPWEQPEDQHVGHVGIKDWAAAK,NLVPMVATV
210,CFILGQTRGYTR,TVGFFDAQRGPPWEQPEDQHVGHVGIKDWAAAK,ELAGIGILTV
211,CAVDTQGQRYTF,TVGFFDAQRGPPWEQPEDQHVGHVGIKDWAAAK,GILGFVFTL
212,CAILVQQYGCTD,TVGFFDAQRGPPWEQPEDQHVGHVGIKDWAAAK,YVLDHLIVV
213,CAIWGQGYGSTP,TLGFFDAQRGPPWEQPEDQDVGHIGINDWAAAK,KLGGALQAK
214,IAISKQEYGYTF,TLGFFDAQRGPPWEQPEDQDVGHIGINDWAAAK,KLGGALQAK
215,CAIGGQGRMITF,TLGFFDAQRGPPWEQPEDQDVGHIGINDWAAAK,AVFDRKSDAK
216,CAITGQGYGYMC,TLGFFDAQRGPPWEQPEDQDVGHIGINDWAAAK,KLGGALQAK
217,CAIFGIGRGYTF,TLGFFDAPRGPPWEQPEDQDEGHLGINDWAAAQ,TPRVTGGGAM
218,CMHLGQGYVYTF,TVGFFDAQRGPPWEQPEDQHVGHVGIKDWAAAK,NLVPMVATV
219,CAIQTFYPGQMQG,TVGFFDAQRGPPWEQPEDQHVGHVGIKDWAAAK,YVLDHLIVV
220,CESQTNSPEPTQH,TVGFFDAQRGPPWEQPEDQHVGHVGIKDWAAAK,GLCTLVAML
221,CESQTFSPGQTHW,TVGFFDAQRGPPWEQPEDQHVGHVGIKDWAAAK,YVLDHLIVV
222,CASQTFSPGQCLD,TLGFFDAQRGPPWEQPEDQDVGHIGINDWAAAK,KLGGALQAK
223,MASQTYSMGTTQF,TVGFFDAQRGPPWEQPEDQHVGHVGIKDWAAAK,GLCTLVAML
224,CMQQTISPGQIQF,TVGFFDAQRGPPWEQPEDQHVGHVGIKDWAAAK,YVLDHLIVV
225,CASQWVSPGVWQG,TVGFFDAQRGPPWEQPEDQHVGHVGIKDWAAAK,NLSALGIFST
226,CASCHFLWGQDQF,TVGFFDAQRGPPWEQPEDQHVGHVGIKDWAAAK,SLYNTVATL
227,CATQTFSSCRIQF,TVGFFDAQRGPPWEQPEDQHVGHVGIKDWAAAK,NLVPMVATV
228,CASSTFSLAQTQF,TVGFFDAQRGPPWEQPEDQHVGHVGIKDWAAAK,GLCTLVAML
229,CASKTVMPGQTWF,TLGFFDAQRGPPWEQPEDQDVGHIGINDWAAAK,KLGGALQAK
230,TASQDFSHGQTQF,TVGFFDAQRGPPWEQPEDQHVGHVGIKDWAAAK,GLCTLVAML
231,CWSQQSSPGQTQS,TLGFFDAQRGPPWEQPEDQDVGHIGINDWAAAK,KLGGALQAK
232,CAHQTFSLGQTFI,TVGFFDAQRGPPWEQPEDQHVGHVGIKDWAAAK,NLVPMVATV
233,CATTPVGIPGEKFF,TVGFFDAQRGPPWEQPEDQHVGHVGIKDWAAAK,YVLDHLIVV
234,CYQPLLILGADETQYF,TLGFFDAQKGPPWEQPEDQDAGHIGINDWAAAK,CTELKLSDY
235,YSAYQFPCLQYEQYF,TLGFFDAPRGPPWEQPEDQDEGHLGINDWAAAQ,RAKFKQLL
236,DSARGGRGFDYTS,TVGFFDAQRGPPWEQPEDQHVGHVGIKDWAAAK,GILGFVFTL
237,GSARNGRGGFYHF,TLGFFDAQRGPPWEQPEDQDVGHIGINDWAAAK,AVFDRKSDAK
238,CSAQPGDTGDYTF,TLGFFDAQRGPPWEQPEDQDVGHIGINDWAAAK,KLGGALQAK
239,LSARGGRIGVYTR,TVGFFDAQRGPPWEQPEDQHVGHVGIKDWAAAK,YVLDHLIVV
240,CSARTGCGSDYTR,TLGFFDAQRGPPWEQPEDQDVGHIGINDWAAAK,KLGGALQAK
241,CSARGGGHPKRTF,TVGFFDAQRGPPWEQPEDQHVGHVGIKDWAAAK,NLVPMVATV
242,CSARGETYQEQFL,TVGFFDAQRGPPWEQPEDQHVGHVGIKDWAAAK,LLWNGPMAV
243,CAHGASCAPLHF,TVGFFDAQRGPPWEQPEDQHVGHVGIKDWAAAK,YVLDHLIVV
244,VASGDSTSILHF,TLGFFDAQRGPPWEQPEDQDVGHIGINDWAAAK,KLGGALQAK
245,CASWDSSSGLDT,TLGFFDAQRGPPWEQPEDQDVGHIGINDWAAAK,KLGGALQAK
246,CASGDTCVPPLF,TVGFFDAQRGPPWEQPEDQHVGHVGIKDWAAAK,GLCTLVAML
247,CWKGDGNAPSHF,TLGFFDAQRGPPWEQPEDQDVGHIGINDWAAAK,KLGGALQAK
248,DESGDSNQPDDF,TLGFFDAPRGPPWEQPEDQDEGHLGINDWAAAQ,QPRAPIRPI
249,CASILWNSQLWF,TLGFFDAQRGPPWEQPEDQDVGHIGINDWAAAK,AVFDRKSDAK
250,CESRMSNSGLHP,TLGFFDAQRGPPWEQPEDQDVGHIGINDWAAAK,AVFDRKSDAK
251,FNSGDKNTPLHF,TVGFFDAQRGPPWEQPEDQHVGHVGIKDWAAAK,GLCTLVAML
252,CASTYYNSPLAF,TLGFFDAQRGPPWEQPEDQDVGHIGINDWAAAK,RLRAEAQVK
253,CRYVDSNSPLHR,TVGFFDAQRGPPWEQPEDQHVGHVGIKDWAAAK,FLMASISSS
254,CATWDYNSPLYF,TVGFFDAQRGPPWEQPEDQHVGHVGIKDWAAAK,GILGFVFTL
255,QAAGDSNSPLRF,TVGFFDAQRGPPWEQPEDQHVGHVGIKDWAAAK,LLFGYPVYV
256,CAWSHALIGSTEQHF,TLGFFDAQRGPPWEQPEDQDVGHIGINDWAAAK,STLPETAVVRR
257,RASRTRFEQFF,TLGFFDAPRGPPWEQPEDQDEGHLGINDWAAAQ,TPRVTGGGAM
258,YDNRDRKEQFF,TVGFFDAQRGPPWEQPEDQHVGHVGIKDWAAAK,YVLDHLIVV
259,CPSRMRFEQFL,TLGFFDAQRGPPWEQPEDQDVGHIGINDWAAAK,LVVDFSQFSR
260,AAKVDWREQFF,TLGFFDAQRGPPWEQPEDQDVGHIGINDWAAAK,KLGGALQAK
261,NASSEDTTAPDTHYP,TVGFFDAQRGPPWEQPEDQHVGHVGIKDWAAAK,GILGFVFTL
262,CARSEQLADPTPAGF,TVGFFDAQRGPPWEQPEDQHVGHVGIKDWAAAK,YVLDHLIVV
263,CSSCEQGFDNVTLHF,TLGFFDAQRGPPWEQPEDQDVGHIGINDWAAAK,KLGGALQAK
264,CAMMHPWGVSAPEQYF,TVGFFDAQRGPPWEQPEDQHVGHVGIKDWAAAK,NLVPMVATV
265,CAQSISAGVQAYWQYQ,TVGFFDAQRGPPWEQPEDQHVGHVGIKDWAAAK,NLVPMVATV
266,DASCESLGVDAYERYF,TVGFFDAQRGPPWEQPEDQHVGHVGIKDWAAAK,GILGFVFTL
267,CASSFKKTGCGHGYTY,TLGFFDAQRGPPWEQPEDQDVGHIGINDWAAAK,KLGGALQAK
268,CASAFKSTGQTIGPTE,TLGFFDAPRGPPWEQPEDQDEGHLGINDWAAAQ,RAKFKQLL
269,CAISGGCKQYESKF,TLGFFDAPRGPPWEQPEDQDEGHLGINDWAAAQ,TPRVTGGGAM
270,CASTMGVNDMEQYF,TVGFFDAQRGPPWEQPEDQHVGHVGIKDWAAAK,GILGFVFTL
271,CQSHGHQINYEQYF,TVGFFDAQRGPPWEQPEDQHVGHVGIKDWAAAK,GLCTLVAML
272,CESSGGQEWYAQYS,TVGFFDAQRGPPWEQPEDQHVGHVGIKDWAAAK,NLVPMVATV
273,CAQSGNPYGDAGYTF,TVGFFDAQRGPPWEQPEDQHVGHVGIKDWAAAK,GILGFVFTL
274,QAFSGNKRADYGCRF,TLGFFDAPRGPPWEQPEDQDEGHLGINDWAAAQ,TPRVTGGGAM
275,CASLSYWLMETQYF,TLGFFDAQRGPPWEQPEDQDVGHIGINDWAAAK,KLGGALQAK
276,CAISLYHGFCTQYE,TLGFFDAQKGPPWEQPEDQDAGHIGINDWAAAK,VTEHDTLLY
277,CNSCSDGYAQSF,TLGFFDAQRGPPWEQPEDQDVGHIGINDWAAAK,AVFDRKSDAK
278,CASHSDYYMTYF,TVGFFDAQRGPPWEQPEDQHVGHVGIKDWAAAK,GLCTLVAML
279,CASRTYAYIQYF,TVGFFDAQRGPPWEQPEDQHVGHVGIKDWAAAK,VAANIVLTV
280,WLTSLLAGENQQF,TVGFFDAQRGPPWEQPEDQHVGHVGIKDWAAAK,GILGFVFTL
281,CAFPRLAGETQPF,TVGFFDAQRGPPWEQPEDQHVGHVGIKDWAAAK,AMFWSVPTV
282,CVTSRIAMEGDYF,TLGFFDAQRGPPWEQPEDQDVGHIGINDWAAAK,LVVDFSQFSR
283,TSISDSLACVYNMQWF,TVGFFDAQRGPPWEQPEDQHVGHVGIKDWAAAK,ELAGIGILTV
284,CNSKHDGVSTGKHFF,TVGFFDAQRGPPWEQPEDQHVGHVGIKDWAAAK,NLVPMVATV
285,CALNVQLITGEGQY,TVGFFDAQRGPPWEQPEDQHVGHVGIKDWAAAK,GLCTLVAML
286,CYQYFGGNGAAEL,TVGFFDAQRGPPWEQPEDQHVGHVGIKDWAAAK,GILGFVFTL
287,CAWSFFGRGYACL,TLGFFDAQRGPPWEQPEDQDVGHIGINDWAAAK,KLGGALQAK
288,CGSSFGGGGCSEL,TLGFFDAQRGPPWEQPEDQDVGHIGINDWAAAK,AVFDRKSDAK
289,CASSTGDGGLAEF,TLGFFDAPRGPPWEQPEDQDEGHLGINDWAAAQ,FLRGRAYGL
290,CASSLFSTHEQWV,TVGFFDAQRGPPWEQPEDQHVGHVGIKDWAAAK,GLCTLVAML
291,CRSSGHSTHVQYF,TLGFFDAQRGPPWEQPEDQDVGHIGINDWAAAK,KLGGALQAK
292,CESAEFSTGEQYF,TVGFFDAQRGPPWEQPEDQHVGHVGIKDWAAAK,GLCTLVAML
293,CKKILKLSGETQWF,TVGFFDAQRGPPWEQPEDQHVGHVGIKDWAAAK,ELAGIGILTV
294,CASRPAGIGNNCYYY,TLGFFDAPRGPPWEQPEDQDEGHLGINDWAAAQ,RAKFKQLL
295,CDSSLSKTPYF,TLGFFDAQRGPPWEQPEDQDVGHIGINDWAAAK,KLGGALQAK
296,CGSSHPHGALTITQYK,TVGFFDAQRGPPWEQPEDQHVGHVGIKDWAAAK,NLVPMVATV
297,VASSIGESETMYF,TLGFFDAQRGPPWEQPEDQDVGHIGINDWAAAK,KLGGALQAK
298,QFSSVGSITSNTEAFC,TLGFFDAPRGPPWEQPEDQYEGHIGINDWAAAQ,FEDLRVLSF
299,CSQSIGVMDSYYK,TVGFFDAQRGPPWEQPEDQHVGHVGIKDWAAAK,GLCTLVAML
300,CCSSPDNLGGSDGISF,TLGFFDAQRGPPWEQPEDQDVGHIGINDWAAAK,IVTDFSVIK
301,CQSSWFYGGQAYEQFT,TLGFFDAQRGPPWEQPEDQDVGHIGINDWAAAK,KLGGALQAK
302,DHSSPASNYDQYA,TLGFFDAQRGPPWEQPEDQDVGHIGINDWAAAK,KLGGALQAK
303,LASSYMVGFEQFF,TLGFFDAQRGPPWEQPEDQDVGHIGINDWAAAK,KLGGALQAK
304,CYSTGYWDQGSVQPSHF,TLGFFDAPRGPPWEQPEDQDEGHLGINDWAAAQ,TPRVTGGGAM
305,CFTNTGQYEQYM,TLGFFDAPRGPPWEQPEDQDEGHLGINDWAAAQ,SPRWYFYYL
306,ESASIGYEIYEQLF,TVGFFDAQRGPPWEQPEDQHVGHVGIKDWAAAK,NLVPMVATV
307,DSVQQASQEQYF,TLGFFDAPRGPPWEQPEDQYEGHIGINDWAAAQ,ISPRTLNAW
308,CASSTRWFWKNSFK,TLGFFDAQRGPPWEQPEDQDVGHIGINDWAAAK,AVFDRKSDAK
309,KASVTGASGSQTH,TVGFFDAQRGPPWEQPEDQHVGHVGIKDWAAAK,YVLDHLIVV
310,CYKSTGTLGSQFF,TVGFFDAQRGPPWEQPEDQHVGHVGIKDWAAAK,ELAGIGILTV
311,CASDTGGSGSQIF,TVGFFDAQRGPPWEQPEDQHVGHVGIKDWAAAK,GILGFVFTL
312,TATSRFLGSMQYF,TVGFFDAQRGPPWEQPEDQHVGHVGIKDWAAAK,YVLDHLIVV
313,MATSRTGMETQYT,TVGFFDAQRGPPWEQPEDQHVGHVGIKDWAAAK,GILGFVFTL
314,CACSSFGGETAFG,TVGFFDAQRGPPWEQPEDQHVGHVGIKDWAAAK,GLCTLVAML
315,RASSGSAGLVQITQYN,TLGFFDAQRGPPWEQPEDQDVGHIGINDWAAAK,KLGGALQAK
316,FFSSPSMGSGKEAEA,TLGFFDAPRGPPWEQPEDQYEGHIGINDWAAAQ,FEDLRVLSF
317,CASSQDLTNMFTHLFF,TVGFFDAQRGPPWEQPEDQDVGHIGIKDWAAAK,DATYQRTRALVR
318,CASSGITAISYKLYF,TVGFFDAQRGPPWEQPEDQHVGHVGIKDWAAAK,LLWNGPMAV
319,CGDRFVEDRCTKYF,TVGFFDAQRGPPWEQPEDQHVGHVGIKDWAAAK,NLVPMVATV
320,CASRHRGGFFEALE,TVGFFDAQRGPPWEQPEDQHVGHVGIKDWAAAK,GILGFVFTL
321,QWSSDFLKRYEQSV,TVGFFDAQRGPPWEQPEDQHVGHVGIKDWAAAK,GLCTLVAML
322,CSADWTADTEAWH,TLGFFDAPRGPPWEQPEDQDEGHLGINDWAAAQ,LPRRSGAAGA
323,CSARDWAKVYNEQFR,TVGFFDAQRGPPWEQPEDQHVGHVGIKDWAAAK,YVLDHLIVV
324,WANIRETFAFF,TVGFFDAQRGPPWEQPEDQHVGHVGIKDWAAAK,YILKYSVFL
325,CAWISPHFAFF,TVGFFDAQRGPPWEQPEDQHVGHVGIKDWAAAK,YVLDHLIVV
326,CAGIFETEAFK,TVGFFDAQRGPPWEQPEDQHVGHVGIKDWAAAK,GILGFVFTL
327,HHWISFTEAFF,TLGFFDAQRGPPWEQPEDQDVGHIGINDWAAAK,KLGGALQAK
328,CTTSNDPDHYLQYF,TVGFFDAQRGPPWEQPEDQHVGHVGIKDWAAAK,GILGFVFTL
329,CSARNHTMYGGTF,TLGFFDAQRGPPWEQPEDQDVGHIGINDWAAAK,KTAYSHLSTSK
330,MFMDQAGALYNMQFF,TVGFFDAQRGPPWEQPEDQHVGHVGIKDWAAAK,YVLDHLIVV
331,NSRLNQAYEQY,TVGFFDAQRGPPWEQPEDQHVGHVGIKDWAAAK,NLVPMVATV
332,AGSAESFELC,TVGFFDAQRGPPWEQPEDQHVGHVGIKDWAAAK,ELAGIGILTV
333,HCKARRGELF,TLGFFDAQRGPPWEQPEDQDVGHIGINDWAAAK,KLGGALQAK
334,CSDARLGEMF,TVGFFDAQRGPPWEQPEDQHVGHVGIKDWAAAK,YVLDHLIVV
335,AVSAHSGLLA,TVGFFDAQRGPPWEQPEDQHVGHVGIKDWAAAK,ELAGIGILTV
336,CAFSYPGITSGLFY,TVGFFDAQRGPPWEQPEDQHVGHVGIKDWAAAK,NLVPMVATV
337,LAIISVGVEQPQHA,TVGFFDAQRGPPWEQPEDQHVGHVGIKDWAAAK,SMDWFQGQM
338,SAIPLIGVGQYQHT,TVGFFDAQRGPPWEQPEDQHVGHVGIKDWAAAK,GILGFVFTL
339,CARTEVGVFLEQHF,TLGFFDAQRGPPWEQPEDQDVGHIGINDWAAAK,KLGGALQAK
340,QSNFVEGTDTQTF,TLGFFDAPRGPPWEQPEDQYEGHIGINDWAAAQ,IPSINVHHY
341,ASSLGEVKEQY,TLGFFDAPRGPPWEQPEDQDEGHLGINDWAAAQ,RPRGEVRFL
342,AALLGQAYKQY,TVGFFDAQRGPPWEQPEDQHVGHVGIKDWAAAK,GLCTLVAML
343,ASWLGLAYHQY,TVGFFDAQRGPPWEQPEDQHVGHVGIKDWAAAK,GILGFVFTL
344,ASSLGQIFEQK,TLGFFDAQRGPPWEQPEDQDVGHIGINDWAAAK,KLGGALQAK
345,NSSLGQAYIQI,TVGFFDAQRGPPWEQPEDQHVGHVGIKDWAAAK,GLCTLVAML
346,MSSNGQAKEQY,TVGFFDAQRGPPWEQPEDQHVGHVGIKDWAAAK,YVLDHLIVV
347,ASSCPQSYEQY,TVGFFDAQRGPPWEQPEDQHVGHVGIKDWAAAK,YVLDHLIVV
348,ASRPGFSCERPTQY,TVGFFDAQRGPPWEQPEDQHVGHVGIKDWAAAK,NLVPMVATV
349,ASYTRLAGGRWFQD,TVGFFDAQRGPPWEQPEDQHVGHVGIKDWAAAK,NLVPMVATV
350,FPRPGWAGGRCRQY,TVGFFDAQRGPPWEQPEDQHVGHVGIKDWAAAK,GILGFVFTL
351,ATCPGLAYSRFFQY,TVGFFDAQRGPPWEQPEDQHVGHVGIKDWAAAK,GILGFVFTL
352,AWRPELAKGRPQAY,TLGFFDAQRGPPWEQPEDQDVGHIGINDWAAAK,KLGGALQAK
353,ASRPGYAGIEGPVY,TVGFFDAQRGPPWEQPEDQHVGHVGIKDWAAAK,YVLDHLIVV
354,AEKPCLGGGRAEQY,TVGFFDAQRGPPWEQPEDQHVGHVGIKDWAAAK,GLCTLVAML
355,ESVKMLAWGRPEFY,TLGFFDAQRGPPWEQPEDQDVGHIGINDWAAAK,KLGGALQAK
356,QSSALSYEGF,TLGFFDAQRGPPWEQPEDQDVGHIGINDWAAAK,KLGGALQAK
357,ASSAVSCELF,TVGFFDAQRGPPWEQPEDQHVGHVGIKDWAAAK,YVLDHLIVV
358,QSSWRSGELF,TVGFFDAQRGPPWEQPEDQHVGHVGIKDWAAAK,GILGFVFTL
359,ASSIRSPHYF,TLGFFDAPRGPPWEQPEDQYEGHIGINDWAAAQ,NEGVKAAW
360,VSSARQCELF,TVGFFDAQRGPPWEQPEDQHVGHVGIKDWAAAK,GLCTLVAML
361,YSSARDGELF,TLGFFDAPRGPPWEQPEDQDEGHLGINDWAAAQ,RAKFKQLL
362,ASSARPFEFM,TLGFFDAPRGPPWEQPEDQDEGHLGINDWAAAQ,TPRVTGGGAM
363,PPSAREGCLF,TVGFFDAQRGPPWEQPEDQHVGHVGIKDWAAAK,GLCTLVAML
364,ASSARSGPLM,TLGFFDAQRGPPWEQPEDQDVGHIGINDWAAAK,KLGGALQAK
365,ASWFTWTSGCTTDTQG,TVGFFDAQRGPPWEQPEDQHVGHVGIKDWAAAK,ELAGIGILTV
366,ASSFIWTSPGAKDTCY,TVGFFDAQRGPPWEQPEDQHVGHVGIKDWAAAK,GLCTLVAML
367,ASSLLTHSGRATDTQN,TLGFFDAQRGPPWEQPEDQDVGHIGINDWAAAK,KLGGALQAK
368,ASGFMCTSDGATDTQY,TVGFFDAQRGPPWEQPEDQHVGHVGIKDWAAAK,GILGFVFTL
369,AWSRTGISYGATSTQY,TVGFFDAQRGPPWEQPEDQHVGHVGIKDWAAAK,YVLDHLIVV
370,HHTSYADFQGEHGYEF,TVGFFDAQRGPPWEQPEDQHVGHVGIKDWAAAK,YVLDHLIVV
371,NCQLGQGFGYTI,TVGFFDAQRGPPWEQPEDQHVGHVGIKDWAAAK,RLQSLQTYV
372,CAILGTGYGYSY,TVGFFDAQRGPPWEQPEDQHVGHVGIKDWAAAK,GILGFVFTL
373,CEIPGQTYGYTF,TLGFFDAQRGPPWEQPEDQDVGHIGINDWAAAK,KLGGALQAK
374,VAILGQTYGGTF,TLGFFDAQRGPPWEQPEDQDVGHIGINDWAAAK,AVFDRKSDAK
375,CAILGQMPGSTY,TVGFFDAQRGPPWEQPEDQHVGHVGIKDWAAAK,GILGFVFTL
376,CAIRDQGYGYTW,TLGFFDAQRGPPWEQPEDQDVGHIGINDWAAAK,KLGGALQAK
377,CAILMIGYVYTM,TVGFFDAQRGPPWEQPEDQHVGHVGIKDWAAAK,GLCTLVAML
378,CAILIKGMGYPV,TVGFFDAQRGPPWEQPEDQHVGHVGIKDWAAAK,YVLDHLIVV
379,CQILGQGGGTTF,TLGFFDAPRGPPWEQPEDQYEGHIGINDWAAAQ,VSFIEFVGW
380,CAMLQMGYNWTF,TVGFFDAQRGPPWEQPEDQHVGHVGIKDWAAAK,GILGFVFTL
381,NLILGQGMMYTF,TLGFFDAQRGPPWEQPEDQDVGHIGINDWAAAK,KLGGALQAK
382,WAILPQMGGVTF,TLGFFDAPRGPPWEQPEDQDEGHLGINDWAAAQ,TPGPGVRYPL
383,CAIQGDGKGYTF,TLGFFDAQRGPPWEQPEDQDVGHIGINDWAAAK,KLGGALQAK
384,CAMLKQGYGMTW,TVGFFDAQRGPPWEQPEDQHVGHVGIKDWAAAK,YVLDHLIVV
385,CAELGIGYGYQF,TVGFFDAQRGPPWEQPEDQHVGHVGIKDWAAAK,NLVPMVATV
386,CARLGWYRGYTF,TLGFFDAQRGPPWEQPEDQDVGHIGINDWAAAK,KLGGALQAK
387,CFSQTFSPAQPQF,TLGFFDAQRGPPWEQPEDQDVGHIGINDWAAAK,KLGGALQAK
388,PASQTFSPGQHSS,TVGFFDAQRGPPWEQPEDQHVGHVGIKDWAAAK,GLCTLVAML
389,CASQTFHPGETVF,TVGFFDAQRGPPWEQPEDQHVGHVGIKDWAAAK,YLQPRTFLL
390,TATQTFMPGNTRF,TVGFFDAQRGPPWEQPEDQHVGHVGIKDWAAAK,GLCTLVAML
391,GKSQTFPPGQTHF,TVGFFDAQRGPPWEQPEDQHVGHVGIKDWAAAK,GLCTLVAML
392,DASQTFSCNQTQF,TVGFFDAQRGPPWEQPEDQHVGHVGIKDWAAAK,GILGFVFTL
393,LASQTFSKGQDQF,TVGFFDAQRGPPWEQPEDQHVGHVGIKDWAAAK,YVLDHLIVV
394,TASQTFSPAQSHF,TLGFFDAQRGPPWEQPEDQDVGHIGINDWAAAK,KLGGALQAK
395,CASNKFSPAQAQF,TVGFFDAQRGPPWEQPEDQHVGHVGIKDWAAAK,YVLDHLIVV
396,TASQMFSPGQCQF,TLGFFDAQRGPPWEQPEDQDVGHIGINDWAAAK,KLGGALQAK
397,CASQMFSPGCDQN,TLGFFDAQRGPPWEQPEDQDVGHIGINDWAAAK,KLGGALQAK
398,CESLTFSPLQCQF,TVGFFDAQRGPPWEQPEDQHVGHVGIKDWAAAK,GILGFVFTL
399,CASQMNSPGPHQF,TVGFFDAQRGPPWEQPEDQHVGHVGIKDWAAAK,YVLDHLIVV
400,CLSQTFSSGNEQF,TLGFFDAQRGPPWEQPEDQDVGHIGINDWAAAK,KLGGALQAK
401,RHSPYTGNTGELFL,TLGFFDAQRGPPWEQPEDQDVGHIGINDWAAAK,KLGGALQAK
402,CWSSLLSGGAFATQYF,TVGFFDAQRGPPWEQPEDQHVGHVGIKDWAAAK,GLCTLVAML
403,ISAEQGPGLTEEQYF,TLGFFDAPRGPPWEQPEDQDEGHLGINDWAAAQ,TPRVTGGGAM
404,CSARGGRGRKYGF,TLGFFDAQRGPPWEQPEDQDVGHIGINDWAAAK,KTAYSHLSTSK
405,CSPRGGCRVDYTF,TLGFFDAPRGPPWEQPEDQDEGHLGINDWAAAQ,TPRVTGGGAM
406,CSAVAGRGGDHTF,TVGFFDAQRGPPWEQPEDQHVGHVGIKDWAAAK,YVLDHLIVV
407,CSALGGRTGDKTK,TLGFFDAQRGPPWEQPEDQDVGHIGINDWAAAK,LVVDFSQFSR
408,CSMDTGQGGDCTF,TVGFFDAQRGPPWEQPEDQHVGHVGIKDWAAAK,GLCTLVAML
409,CSMRGERGGYYTP,TLGFFDAQRGPPWEQPEDQDVGHIGINDWAAAK,KLGGALQAK
410,CWWSGETYNETFF,TLGFFDAQRGPPWEQPEDQDVGHIGINDWAAAK,AVFDRKSDAK
411,KASGWSAQPLKF,TLGFFDAQRGPPWEQPEDQDVGHIGINDWAAAK,KTAYSHLSTSK
412,SASGDGNSPINF,TVGFFDAQRGPPWEQPEDQHVGHVGIKDWAAAK,YVLDHLIVV
413,CACCASNSPLHF,TLGFFDAPRGPPWEQPEDQDEGHLGINDWAAAQ,TPRVTGGGAM
414,NASIDSNSELHF,TLGFFDAPRGPPWEQPEDQDEGHLGINDWAAAQ,TPRVTGGGAM
415,CAPGDSEVKLHM,TVGFFDAQRGPPWEQPEDQHVGHVGIKDWAAAK,GLCTLVAML
416,CARGDSRSELHF,TLGFFDAPRGPPWEQPEDQDEGHLGINDWAAAQ,FPRPWLHGL
417,KAFGDSLWPLHF,TLGFFDAPRGPPWEQPEDQDEGHLGINDWAAAQ,LPRRSGAAGA
418,CTSEDSNVPLHF,TVGFFDAQRGPPWEQPEDQHVGHVGIKDWAAAK,ELAGIGILTV
419,MRSGDANSPNFF,TVGFFDAQRGPPWEQPEDQHVGHVGIKDWAAAK,YVLDHLIVV
420,CASGLSNSPTWF,TLGFFDAPRGPPWEQPEDQDEGHLGINDWAAAQ,RAKFKQLL
421,MASGDSCQPPHF,TLGFFDAQRGPPWEQPEDQDVGHIGINDWAAAK,KLGGALQAK
422,MASGSSPLWLHF,TVGFFDAQRGPPWEQPEDQHVGHVGIKDWAAAK,ELAGIGILTV
423,EASPDSNINLHF,TVGFFDAQRGPPWEQPEDQHVGHVGIKDWAAAK,ELAGIGILTV
424,CALGEALDCSYECYF,TVGFFDAQRGPPWEQPEDQHVGHVGIKDWAAAK,FLYALALLL
425,CSIHDRREQFF,TLGFFDAQRGPPWEQPEDQDVGHIGINDWAAAK,KLGGALQAK
426,CLSWDRMEYFF,TLGFFDAQKGPPWEQPEDQDAGHIGINDWAAAK,CTELKLSDY
427,CTSRRRKAQFF,TVGFFDAQRGPPWEQPEDQHVGHVGIKDWAAAK,GILGFVFTL
428,CVSRDRRCQFS,TLGFFDAQRGPPWEQPEDQDVGHIGINDWAAAK,KLGGALQAK
429,CQGSAITGAPDTNYF,TVGFFDAQRGPPWEQPEDQHVGHVGIKDWAAAK,NLVPMVATV
430,CAMSSQGADNSTLHT,TLGFFDAQRGPPWEQPEDQDVGHIGINDWAAAK,KLGGALQAK
431,LAAWMQGMDNSPLHF,TVGFFDAQRGPPWEQPEDQHVGHVGIKDWAAAK,NLVPMVATV
432,KAWSESLGVSCYEGYF,TVGFFDAQRGPPWEQPEDQHVGHVGIKDWAAAK,GLCTLVAML
433,CKSAESWDVSAYEQYA,TVGFFDAQRGPPWEQPEDQHVGHVGIKDWAAAK,YVLDHLIVV
434,CASQESLMLNAYEQYF,TVGFFDAQRGPPWEQPEDQHVGHVGIKDWAAAK,GLCTLVAML
435,CASSFQWTGLGITYTF,TVGFFDAQRGPPWEQPEDQHVGHVGIKDWAAAK,GLCTLVAML
436,CASYFRSTGQKIGPTV,TLGFFDAQRGPPWEQPEDQDVGHIGINDWAAAK,KLGGALQAK
437,CCSVGGQNRYYQYD,TVGFFDAQRGPPWEQPEDQHVGHVGIKDWAAAK,YVLDHLIVV
438,WSKSGGQIVYEQVN,TLGFFDAQRGPPWEQPEDQDVGHIGINDWAAAK,KLGGALQAK
439,CASQQGHINYEQYR,TVGFFDAQRGPPWEQPEDQHVGHVGIKDWAAAK,YVLDHLIVV
440,DASSGTPIVYEQYK,TVGFFDAQRGPPWEQPEDQHVGHVGIKDWAAAK,ELAGIGILTV
441,CKSSGWKQGDYCSTF,TLGFFDAQRGPPWEQPEDQDVGHIGINDWAAAK,KLGGALQAK
442,CAVGGNKQWDYVYTF,TLGFFDAQKGPPWEQPEDQDAGHIGINDWAAAK,VTEHDTLLY
443,KAWSLYTGGASQVF,TVGFFDAQRGPPWEQPEDQHVGHVGIKDWAAAK,ELAGIGILTV
444,VDSSLYTGKEEQYM,TLGFFDAQKGPPWEQPEDQDAGHIGINDWAAAK,TTDPSFLGRY
445,CASPSHYYPQYY,TVGFFDAQRGPPWEQPEDQHVGHVGIKDWAAAK,GLCTLVAML
446,SAHSSDYYHFYF,TVGFFDAQRGPPWEQPEDQHVGHVGIKDWAAAK,YVLDHLIVV
447,CHSSSNNYEQYF,TVGFFDAQRGPPWEQPEDQHVGHVGIKDWAAAK,LLWNGPMAV
448,CALPRHAYETQAF,TLGFFDAQRGPPWEQPEDQDVGHIGINDWAAAK,GTSGSPIINR
449,CATSRLSGETDYL,TLGFFDAQKGPPWEQPEDQDAGHIGINDWAAAK,VTEHDTLLY
450,CASSRLAYDTQVQ,TLGFFDAQRGPPWEQPEDQDVGHIGINDWAAAK,KLGGALQAK
451,CRWSESLAGVYNEQFP,TVGFFDAQRGPPWEQPEDQHVGHVGIKDWAAAK,YVLDHLIVV
452,FASEGTIVGTVQLFS,TLGFFDAQRGPPWEQPEDQDVGHIGINDWAAAK,IVTDFSVIK
453,RASNSGLKTIELFF,TVGFFDAQRGPPWEQPEDQHVGHVGIKDWAAAK,GILGFVFTL
454,CANSFQIGGLSEL,TVGFFDAQRGPPWEQPEDQHVGHVGIKDWAAAK,YVLDHLIVV
455,CARSFLGGQLAEL,TLGFFDAQRGPPWEQPEDQDVGHIGINDWAAAK,KLGGALQAK
456,CASSFGGWPWNEL,TVGFFDAQRGPPWEQPEDQHVGHVGIKDWAAAK,GILGFVFTL
457,GASSFGGGGLGNL,TLGFFDAQRGPPWEQPEDQDVGHIGINDWAAAK,KLGGALQAK
458,CASSKSHTTEQHF,TVGFFDAQRGPPWEQPEDQHVGHVGIKDWAAAK,NLVPMVATV
459,CNSSLSSTIEFNE,TLGFFDAQRGPPWEQPEDQDVGHIGINDWAAAK,LVVDFSQFSR
460,CAYHLSSTHEQYS,TLGFFDAQRGPPWEQPEDQDVGHIGINDWAAAK,KLGGALQAK
461,CASSNVFFWEEQHL,TVGFFDAQRGPPWEQPEDQHVGHVGIKDWAAAK,YVLDHLIVV
462,FASPFRGTINNCQYM,TVGFFDAQRGPPWEQPEDQHVGHVGIKDWAAAK,GLCTLVAML
463,FASSYSKTNDF,TLGFFDAQRGPPWEQPEDQDVGHIGINDWAAAK,KLGGALQAK
464,NASLFAWGANCQTQYF,TVGFFDAQRGPPWEQPEDQHVGHVGIKDWAAAK,YVLDHLIVV
465,CASDIGDVRLQYF,TLGFFDAQRGPPWEQPEDQDVGHIGINDWAAAK,KLGGALQAK
466,EASSEGFGTGQTEADE,TLGFFDAQRGPPWEQPEDQDVGHIGINDWAAAK,KLGGALQAK
467,CASSIGVMEWYTN,TVGFFDAQRGPPWEQPEDQHVGHVGIKDWAAAK,YVLDHLIVV
468,CASSLDSRWGSDVYIF,TVGFFDAQRGPPWEQPEDQHVGHVGIKDWAAAK,YVLDHLIVV
469,CASNLFYLGDMAEQFF,TVGFFDAQRGPPWEQPEDQHVGHVGIKDWAAAK,YVLDHLIVV
470,CESSPNSVYEQYF,TVGFFDAQRGPPWEQPEDQHVGHVGIKDWAAAK,YVLDHLIVV
471,DAMGVAGGFEQFF,TVGFFDAQRGPPWEQPEDQHVGHVGIKDWAAAK,YVLDHLIVV
472,CWSTGFWMEDSNKPQWF,TLGFFDAQRGPPWEQPEDQDVGHIGINDWAAAK,AVFDRKSDAK
473,CSLETGNYEQYN,TLGFFDAQRGPPWEQPEDQDVGHIGINDWAAAK,AVFDRKSDAK
474,STMSVLDESNEQYY,TVGFFDAQRGPPWEQPEDQHVGHVGIKDWAAAK,YVLDHLIVV
475,CSFQGAMVEQKF,TLGFFDAQRGPPWEQPEDQDVGHIGINDWAAAK,AVFDRKSDAK
476,CASTIMGGCNEGFN,TVGFFDAQRGPPWEQPEDQHVGHVGIKDWAAAK,ELAGIGILTV
477,CASSTGTSGEQYN,TLGFFDAQRGPPWEQPEDQDVGHIGINDWAAAK,KLGGALQAK
478,CGSSTGTSASQRF,TLGFFDAQRGPPWEQPEDQDVGHIGINDWAAAK,KTAYSHLSTSK
479,YASSVGTSGSQFC,TVGFFDAQRGPPWEQPEDQHVGHVGIKDWAAAK,NLVPMVATV
480,CATCRTIGEQQYG,TLGFFDAQRGPPWEQPEDQDVGHIGINDWAAAK,LVVDFSQFSR
481,TPTSEFGGETQYF,TLGFFDAQRGPPWEQPEDQDVGHIGINDWAAAK,KLGGALQAK
482,YATSRFMGETQRY,TVGFFDAQRGPPWEQPEDQHVGHVGIKDWAAAK,NLVPMVATV
483,CCSSPGAPLCQETQYF,TVGFFDAQRGPPWEQPEDQHVGHVGIKDWAAAK,YVLDHLIVV
484,CYSSPSGISQRCAFF,TLGFFDAPRGPPWEQPEDQDEGHLGINDWAAAQ,RAKFKQLL
485,QASSTFLGNKWTMAFF,TVGFFDAQRGPPWEQPEDQHVGHVGIKDWAAAK,GLCTLVAML
486,CASSGNTCPSGPRYF,TLGFFDAPRGPPWEQPEDQDEGHLGINDWAAAQ,TPRVTGGGAM
487,CSAMNGEDREGKYF,TVGFFDAQRGPPWEQPEDQHVGHVGIKDWAAAK,YVLDHLIVV
488,EQSMHRGRNWGAFF,TVGFFDAQRGPPWEQPEDQHVGHVGIKDWAAAK,YVLDHLIVV
489,GAESEFLKPGEQYI,TLGFFDAQRGPPWEQPEDQDVGHIGINDWAAAK,KLGGALQAK
490,CMLRFTADTRATF,TVGFFDAQRGPPWEQPEDQHVGHVGIKDWAAAK,NLVPMVATV
491,PMARDIEFTYNERFF,TLGFFDAPRGPPWEQPEDQDEGHLGINDWAAAQ,RAKFKQLL
492,CAWCREKASFF,TVGFFDAQRGPPWEQPEDQHVGHVGIKDWAAAK,GILGFVFTL
493,PAWIREEGAFF,TLGFFDAQRGPPWEQPEDQDVGHIGINDWAAAK,KLGGALQAK
494,GAWIRGTPEFF,TLGFFDAQRGPPWEQPEDQDVGHIGINDWAAAK,KLGGALQAK
495,CAFIRAGEAKF,TLGFFDAQRGPPWEQPEDQDVGHIGINDWAAAK,KLGGALQAK
496,CATSGIPDRCEQPF,TLGFFDAPRGPPWEQPEDQYEGHIGINDWAAAQ,KAFSPEVIPMF
497,ISARDGTRYDYTF,TLGFFDAQRGPPWEQPEDQDVGHIGINDWAAAK,KLGGALQAK
498,ASRHQAGYKYGCQQF,TVGFFDAQRGPPWEQPEDQHVGHVGIKDWAAAK,GILGFVFTL
499,ASELGQALQCY,TVGFFDAQRGPPWEQPEDQHVGHVGIKDWAAAK,YVLDHLIVV
500,ASSARIGERF,TVGFFDAQRGPPWEQPEDQHVGHVGIKDWAAAK,RTLNAWVKV
501,ASSYRSNEQF,TLGFFDAQRGPPWEQPEDQDVGHIGINDWAAAK,KLGGALQAK
502,ASSARSGCLA,TVGFFDAQRGPPWEQPEDQHVGHVGIKDWAAAK,ELAGIGILTV
503,ASSAWSGELY,TVGFFDAQRGPPWEQPEDQHVGHVGIKDWAAAK,YVLDHLIVV
504,CHSSGVMNTGHLVF,TVGFFDAQRGPPWEQPEDQDEGHLGIKDWAAAK,SFHSLHLLF
505,CAICEVCHGAPQHF,TLGFFDAPRGPPWEQPEDQDEGHLGINDWAAAQ,TPRVTGGGAM
506,CAIDCVGVPPEQFF,TLGFFDAQRGPPWEQPEDQDVGHIGINDWAAAK,KLGGALQAK
507,CAISVVGYGQCQTF,TVGFFDAQRGPPWEQPEDQHVGHVGIKDWAAAK,YVLDHLIVV
508,ATSTIKITDTQYF,TLGFFDAQRGPPWEQPEDQDVGHIGINDWAAAK,KLGGALQAK
509,ANSLGAALEQY,TVGFFDAQRGPPWEQPEDQHVGHVGIKDWAAAK,GLCTLVAML
510,VSMLGDAYRQY,TVGFFDAQRGPPWEQPEDQHVGHVGIKDWAAAK,ALYGFVPVL
511,FTSLAQWYEQY,TLGFFDAQRGPPWEQPEDQDVGHIGINDWAAAK,KLGGALQAK
512,ASMLAQAIFQY,TVGFFDAQRGPPWEQPEDQHVGHVGIKDWAAAK,YVLDHLIVV
513,AISISQATEQY,TVGFFDAQRGPPWEQPEDQHVGHVGIKDWAAAK,NLVPMVATV
514,ASSLVQAYKRN,TVGFFDAQRGPPWEQPEDQHVGHVGIKDWAAAK,NLVPMVATV
515,ASSLGAADRQY,TVGFFDAQRGPPWEQPEDQHVGHVGIKDWAAAK,NLVPMVATV
516,YSRPVLHGGRPMQY,TLGFFDAPRGPPWEQPEDQYEGHIGINDWAAAQ,NEGVKAAW
517,FSRPLLAGGKTECP,TVGFFDAQRGPPWEQPEDQHVGHVGIKDWAAAK,ILTGLNYEV
518,FYKPGLAFGPPMQY,TVGFFDAQRGPPWEQPEDQHVGHVGIKDWAAAK,YVLDHLIVV
519,ASRPGSAIQRCDQY,TLGFFDAQRGPPWEQPEDQDVGHIGINDWAAAK,KLGGALQAK
520,CSWPGLACGNMEQY,TVGFFDAQRGPPWEQPEDQHVGHVGIKDWAAAK,GLCTLVAML
521,AMGCELAWGRPEQM,TVGFFDAQRGPPWEQPEDQHVGHVGIKDWAAAK,GLCTLVAML
522,MSRPGLVGGRFEQS,TVGFFDAQRGPPWEQPEDQHVGHVGIKDWAAAK,GILGFVFTL
523,QSRPHLHGGWLEKY,TLGFFDAQRGPPWEQPEDQDVGHIGINDWAAAK,AVFDRKSDAK
524,ASSACSIELF,TLGFFDAQRGPPWEQPEDQDVGHIGINDWAAAK,KLGGALQAK
525,GQWHRSGELF,TVGFFDAQRGPPWEQPEDQHVGHVGIKDWAAAK,GLCTLVAML
526,CSSARENELF,TLGFFDAPRGPPWEQPEDQYEGHIGINDWAAAQ,KAFSPEVIPMF
527,RSSIRWGDLF,TVGFFDAQRGPPWEQPEDQHVGHVGIKDWAAAK,YVLDHLIVV
528,KSSANSGELF,TLGFFDAPRGPPWEQPEDQDEGHLGINDWAAAQ,LPRRSGAAGA
529,ASSARVAELF,TLGFFDAQRGPPWEQPEDQDVGHIGINDWAAAK,KLGGALQAK
530,ASSAMSREQC,TVGFFDAQRGPPWEQPEDQHVGHVGIKDWAAAK,GLCTLVAML
531,ASHAQSHILF,TVGFFDAQRGPPWEQPEDQHVGHVGIKDWAAAK,GILGFVFTL
532,ASMARSDESF,TVGFFDAQRGPPWEQPEDQHVGHVGIKDWAAAK,YVLDHLIVV
533,ASMRTWWYGGATNTQF,TVGFFDAQRGPPWEQPEDQHVGHVGIKDWAAAK,GILGFVFTL
534,PRSFTWTAKFWTDTQY,TVGFFDAQRGPPWEQPEDQHVGHVGIKDWAAAK,GILGFVFTL
535,IDSFVWESGGSTDTQA,TVGFFDAQRGPPWEQPEDQHVGHVGIKDWAAAK,IMDQVPFSV
536,ASRIFWASCGFTDTQY,TVGFFDAQRGPPWEQPEDQHVGHVGIKDWAAAK,ELAGIGILTV
537,HSSFTWWGGLATDGCY,TLGFFDAQRGPPWEQPEDQDVGHIGINDWAAAK,KLGGALQAK
538,PALNFLPGQGEHGNAF,TVGFFDAQRGPPWEQPEDQHVGHVGIKDWAAAK,KLVALGINAV
539,CNILAQGNGYHF,TVGFFDAQRGPPWEQPEDQHVGHVGIKDWAAAK,RTMEVCYNT
540,CGPLGACYGYTF,TVGFFDAQRGPPWEQPEDQHVGHVGIKDWAAAK,YVLDHLIVV
541,CAIKGQKLGYTW,TLGFFDAQRGPPWEQPEDQDVGHIGINDWAAAK,KLGGALQAK
542,CKQLHQNYYYTF,TLGFFDAQKGPPWEQPEDQDAGHIGINDWAAAK,TTDPSFLGRY
543,PAILEQGVGYSF,TVGFFDAQRGPPWEQPEDQHVGHVGIKDWAAAK,YVLDHLIVV
544,FDLLGQGYSYTF,TLGFFDAQRGPPWEQPEDQDVGHIGINDWAAAK,KLGGALQAK
545,YAILGQWYNSTF,TVGFFDAQRGPPWEQPEDQHVGHVGIKDWAAAK,GLCTLVAML
546,CQCLGQEYGQTA,TVGFFDAQRGPPWEQPEDQHVGHVGIKDWAAAK,LLWNGPMAV
547,CAIEGQGYDYTW,TLGFFDAQRGPPWEQPEDQDVGHIGINDWAAAK,KLGGALQAK
548,CAIIFKHYGYTF,TLGFFDAQRGPPWEQPEDQDVGHIGINDWAAAK,KLGGALQAK
549,CAILGAKQQYNF,TLGFFDAQRGPPWEQPEDQDVGHIGINDWAAAK,KLGGALQAK
550,FWIAGNGYGYTF,TLGFFDAPRGPPWEQPEDQDEGHLGINDWAAAQ,RAKFKQLL
551,CMILGQNYTYTN,TLGFFDAQRGPPWEQPEDQDVGHIGINDWAAAK,AVFDRKSDAK
552,SAHTGQGYGYTP,TVGFFDAQRGPPWEQPEDQHVGHVGIKDWAAAK,GILGFVFTL
553,CHILGQRNGQTA,TLGFFDAPRGPPWEQPEDQYEGHLGINDWAAAQ,KRWIILGLNK
554,CAILVQFYQYWK,TVGFFDAQRGPPWEQPEDQHVGHVGIKDWAAAK,YVLDHLIVV
555,CPHQTFSPGATQF,TVGFFDAQRGPPWEQPEDQHVGHVGIKDWAAAK,GLCTLVAML
556,THSQTFAPGVMQF,TLGFFDAPRGPPWEQPEDQDEGHLGINDWAAAQ,SPRWYFYYL
557,CCSQPFSDAQTWF,TVGFFDAQRGPPWEQPEDQHVGHVGIKDWAAAK,YVLDHLIVV
558,GESQGFSPWQTDF,TLGFFDAQRGPPWEQPEDQDVGHIGINDWAAAK,KLGGALQAK
559,CACQQFGPGQTSF,TLGFFDAPRGPPWEQPEDQDEGHLGINDWAAAQ,RAKFKQLL
560,CAQCEFSPGDTQF,TVGFFDAQRGPPWEQPEDQHVGHVGIKDWAAAK,YVLDHLIVV
561,CASQTESNGQTQM,TVGFFDAQRGPPWEQPEDQHVGHVGIKDWAAAK,NLVPMVATV
562,CASDTFCPGLTQF,TVGFFDAQRGPPWEQPEDQHVGHVGIKDWAAAK,YVLDHLIVV
563,CASQTSSPMQTQI,TVGFFDAQRGPPWEQPEDQHVGHVGIKDWAAAK,YVLDHLIVV
564,EASQCLSPGDTQE,TVGFFDAQRGPPWEQPEDQHVGHVGIKDWAAAK,YVLDHLIVV
565,CYHQTFSPKQDQF,TLGFFDAPRGPPWEQPEDQDEGHLGINDWAAAQ,LPRRSGAAGA
566,CRFFTFSAGQTQF,TVGFFDAQRGPPWEQPEDQHVGHVGIKDWAAAK,GILGFVFTL
567,CAEQAASPMQTQF,TVGFFDAQRGPPWEQPEDQHVGHVGIKDWAAAK,GLCTLVAML
568,CADQTFIPGQTQA,TVGFFDAQRGPPWEQPEDQHVGHVGIKDWAAAK,YVLDHLIVV
569,AASSYIKNTGKRFH,TVGFFDAQRGPPWEQPEDQHVGHVGIKDWAAAK,GILGFVFTL
570,CASSLLVGGAEEHQEF,TVGFFDAQRGPPWEQPEDQHVGHVGIKDWAAAK,NLVPMVATV
571,LSAVQFPGVHYFQYF,TVGFFDAQRGPPWEQPEDQHVGHVGIKDWAAAK,LLWNGPMAV
572,CSARDGRGEDIYF,TVGFFDAQRGPPWEQPEDQHVGHVGIKDWAAAK,YVLDHLIVV
573,CSMNGGRRGDAIF,TLGFFDAQRGPPWEQPEDQDVGHIGINDWAAAK,AVFDRKSDAK
574,CSAVGGRGGYYTC,TLGFFDAPRGPPWEQPEDQDEGHLGINDWAAAQ,TPRVTGGGAM
575,CSARGGRGVDRTV,TVGFFDAQRGPPWEQPEDQHVGHVGIKDWAAAK,LLWNGPMAV
576,CEARGGLGGQYIF,TLGFFDAQRGPPWEQPEDQDVGHIGINDWAAAK,STLPETAVVRR
577,CEKIGGRGKDYNF,TVGFFDAQRGPPWEQPEDQHVGHVGIKDWAAAK,YLQPRTFLL
578,CSASGETDNEHGF,TLGFFDAQRGPPWEQPEDQDVGHIGINDWAAAK,KLGGALQAK
579,CASGFSGSPTHF,TVGFFDAQRGPPWEQPEDQHVGHVGIKDWAAAK,GILGFVFTL
580,IAIGESNSRCHF,TLGFFDAQRGPPWEQPEDQDVGHIGINDWAAAK,KLGGALQAK
581,CVSGDKKSPLHE,TVGFFDAQRGPPWEQPEDQHVGHVGIKDWAAAK,YVLDHLIVV
582,MASGDHLSPEKF,TLGFFDAQRGPPWEQPEDQDVGHIGINDWAAAK,KLGGALQAK
583,CANGDSQSPLDF,TLGFFDAPRGPPWEQPEDQDEGHLGINDWAAAQ,TPRVTGGGAM
584,CASDDINSPVHF,TLGFFDAQRGPPWEQPEDQDVGHIGINDWAAAK,KLGGALQAK
585,CASGGAHSYLHF,TVGFFDAQRGPPWEQPEDQHVGHVGIKDWAAAK,YVLDHLIVV
586,CAHEDSQSPLHD,TLGFFDAQRGPPWEQPEDQDVGHIGINDWAAAK,KLGGALQAK
587,CASPDLNGPLHP,TVGFFDAQRGPPWEQPEDQHVGHVGIKDWAAAK,GLCTLVAML
588,CPSGDSRQGLHF,TVGFFDAQRGPPWEQPEDQHVGHVGIKDWAAAK,GLCTLVAML
589,CASGLSNNPLYF,TVGFFDAQRGPPWEQPEDQHVGHVGIKDWAAAK,YVLDHLIVV
590,CASGRENSPIHF,TLGFFDAPRGPPWEQPEDQDEGHLGINDWAAAQ,FPRPWLHGL
591,DASIDSNAPLHF,TVGFFDAQRGPPWEQPEDQHVGHVGIKDWAAAK,GILGFVFTL
592,CASFEALDGGREVAT,TVGFFDAQRGPPWEQPEDQHVGHVGIKDWAAAK,NLVPMVATV
593,YQSRDRREAFF,TVGFFDAQRGPPWEQPEDQHVGHVGIKDWAAAK,GILGFVFTL
594,RASRDRRHEFT,TVGFFDAQRGPPWEQPEDQHVGHVGIKDWAAAK,YVLDHLIVV
595,CANRDRRVQYF,TVGFFDAQRGPPWEQPEDQHVGHVGIKDWAAAK,GLCTLVAML
596,CAARDRREQMY,TVGFFDAQRGPPWEQPEDQHVGHVGIKDWAAAK,YVLDHLIVV
597,CASSYIMHATDTPYF,TLGFFDAQRGPPWEQPEDQDVGHIGINDWAAAK,KLGGALQAK
598,CASQEQGDGNSPSHF,TVGFFDAQRGPPWEQPEDQHVGHVGIKDWAAAK,YVLDHLIVV
599,CASSEMAMDNIPLHF,TLGFFDAQRGPPWEQPEDQDVGHIGINDWAAAK,KLGGALQAK
600,MASRESLGNSAYELYF,TVGFFDAQRGPPWEQPEDQHVGHVGIKDWAAAK,SLLMWITQV
601,LRSRESLGVSAYEWHI,TVGFFDAQRGPPWEQPEDQHVGHVGIKDWAAAK,NLVPMVATV
602,PKSVESLGVSASEPYF,TVGFFDAQRGPPWEQPEDQHVGHVGIKDWAAAK,YVLDHLIVV
603,CCSPGAETGQGIGRTF,TVGFFDAQRGPPWEQPEDQHVGHVGIKDWAAAK,YVLDHLIVV
604,CASGFQSTGYGIGYTS,TLGFFDAQRGPPWEQPEDQDVGHIGINDWAAAK,KLGGALQAK
605,LWSSGKRIVYEYYF,TLGFFDAQRGPPWEQPEDQDVGHIGINDWAAAK,KTAYSHLSTSK
606,CAPMWGQIVYEQSF,TLGFFDAQRGPPWEQPEDQDVGHIGINDWAAAK,LVVDFSQFSR
607,CASDGTHMVYECIF,TVGFFDAQRGPPWEQPEDQHVGHVGIKDWAAAK,GLCTLVAML
608,CARSGGQIVMETDF,TVGFFDAQRGPPWEQPEDQHVGHVGIKDWAAAK,YVLDHLIVV
609,CASSFGEQSDYGYHF,TLGFFDAQRGPPWEQPEDQDVGHIGINDWAAAK,KLGGALQAK
610,CARSWNKYGDYGYTT,TVGFFDAQRGPPWEQPEDQHVGHVGIKDWAAAK,GILGFVFTL
611,CMYMDYTGKETQYI,TVGFFDAQRGPPWEQPEDQHVGHVGIKDWAAAK,YVLDHLIVV
612,CASSFYTHHEWQYF,TVGFFDAQRGPPWEQPEDQHVGHVGIKDWAAAK,NLVPMVATV
613,EASSSDDYERCM,TLGFFDAQRGPPWEQPEDQDVGHIGINDWAAAK,LVVDFSQFSR
614,PNSSSDWYDFYF,TLGFFDAQRGPPWEQPEDQDVGHIGINDWAAAK,IVTDFSVIK
615,CASSSDYYAELF,TLGFFDAQRGPPWEQPEDQDVGHIGINDWAAAK,KLGGALQAK
616,TALSRLAGEEQYF,TLGFFDAQRGPPWEQPEDQDVGHIGINDWAAAK,KLGGALQAK
617,CATSRNAGETWSF,TVGFFDAQRGPPWEQPEDQHVGHVGIKDWAAAK,GLCTLVAML
618,IAHSDLMEETQYF,TLGFFDAQRGPPWEQPEDQDVGHIGINDWAAAK,KLGGALQAK
619,SSESLSLAGDYKEQFL,TVGFFDAQRGPPWEQPEDQHVGHVGIKDWAAAK,GILGFVFTL
620,CASEGTGISTVNLFA,TLGFFDAPRGPPWEQPEDQYEGHIGINDWAAAQ,ISPRTLNAW
621,PAHTVGLNTGKIFF,TLGFFDAQRGPPWEQPEDQDVGHIGINDWAAAK,KLGGALQAK
622,YTSTRGGGGLEEL,TLGFFDAQRGPPWEQPEDQDVGHIGINDWAAAK,KLGGALQAK
623,CASSAYGGGKAGL,TVGFFDAQRGPPWEQPEDQHVGHVGIKDWAAAK,GLCTLVAML
624,CASSFGGVCLAES,TVGFFDAQRGPPWEQPEDQHVGHVGIKDWAAAK,CVNGSCFTV
625,VASKFFGLGAAEL,TLGFFDAPRGPPWEQPEDQDEGHLGINDWAAAQ,FLKEKGGL
626,CSTSLSKYFEQYF,TLGFFDAQRGPPWEQPEDQDVGHIGINDWAAAK,KLGGALQAK
627,CASSLSATNEQPF,TLGFFDAQRGPPWEQPEDQDVGHIGINDWAAAK,KLGGALQAK
628,CDHSLSSSHEWYF,TVGFFDAQRGPPWEQPEDQHVGHVGIKDWAAAK,GILGFVFTL
629,GISHLVFMFETQFF,TVGFFDAQRGPPWEQPEDQHVGHVGIKDWAAAK,YVLDHLIVV
630,TICKFAGTGNNEQNF,TVGFFDAQRGPPWEQPEDQHVGHVGIKDWAAAK,GLCTLVAML
631,CTSSMSKTQDF,TLGFFDAQRGPPWEQPEDQDVGHIGINDWAAAK,AVFDRKSDAK
632,CAPSFHGGANTDTQYF,TLGFFDAQRGPPWEQPEDQDVGHIGINDWAAAK,KLGGALQAK
633,CASSNMDDATQYY,TVGFFDAQRGPPWEQPEDQHVGHVGIKDWAAAK,LLWNGPMAV
634,CASSILFGCSRTEAYF,TLGFFDAQRGPPWEQPEDQDVGHIGINDWAAAK,KLGGALQAK
635,CAISIIVMAGYTF,TVGFFDAQRGPPWEQPEDQHVGHVGIKDWAAAK,GILGFVFTL
636,RGSSLDSLTGSDGNAW,TVGFFDAQRGPPWEQPEDQHVGHVGIKDWAAAK,GILGFVFTL
637,CPVSLCYNHGAYEWYF,TVGFFDAQRGPPWEQPEDQHVGHVGIKDWAAAK,GLCTLVAML
638,HASSPKAANEQNF,TLGFFDAPRGPPWEQPEDQDEGHLGINDWAAAQ,FLKEKGGL
639,CLSSEAGFFERFF,TLGFFDAQRGPPWEQPEDQDVGHIGINDWAAAK,KLGGALQAK
640,KAGTGKWGDDSRQPLHF,TVGFFDAQRGPPWEQPEDQHVGHVGIKDWAAAK,NLVPMVATV
641,CAMSTGNIEVSF,TVGFFDAQRGPPWEQPEDQHVGHVGIKDWAAAK,GLCTLVAML
642,CSACVGDRSAEQYG,TLGFFDAQRGPPWEQPEDQDVGHIGINDWAAAK,KLGGALQAK
643,CSGQGCMHEQYG,TVGFFDAQRGPPWEQPEDQHVGHVGIKDWAAAK,YVLDHLIVV
644,CARSVRLYWNEFIF,TVGFFDAQRGPPWEQPEDQHVGHVGIKDWAAAK,YVLDHLIVV
645,CASYTGGTGSQFK,TLGFFDAPRGPPWEQPEDQDEGHLGINDWAAAQ,TPRVTGGGAM
646,TASSDGTEGSQFF,TVGFFDAQRGPPWEQPEDQHVGHVGIKDWAAAK,ELAGIGILTV
647,LASSEGTNQQQFF,TVGFFDAQRGPPWEQPEDQHVGHVGIKDWAAAK,NLVPMVATV
648,EANGEFGGETQDF,TVGFFDAQRGPPWEQPEDQHVGHVGIKDWAAAK,NLVPMVATV
649,CAAYRFGNETQYF,TVGFFDAQRGPPWEQPEDQHVGHVGIKDWAAAK,ELAGIGILTV
650,CATTRFHGETQQF,TLGFFDAPRGPPWEQPEDQDEGHLGINDWAAAQ,LPRRSGAAGA
651,CAASGGDDLTQATQYP,TVGFFDAQRGPPWEQPEDQHVGHVGIKDWAAAK,GILGFVFTL
652,CLSSHWGGSGQNAFS,TVGFFDAQRGPPWEQPEDQHVGHVGIKDWAAAK,NLVPMVATV
653,CASSQILCIMQTEPFF,TVGFFDAQRGPPWEQPEDQHVGHVGIKDWAAAK,YVLDHLIVV
654,CDSSGGTNYSYEQYT,TVGFFDAQRGPPWEQPEDQHVGHVGIKDWAAAK,GILGFVFTL
655,CCARAGECQATQYF,TVGFFDAQRGPPWEQPEDQHVGHVGIKDWAAAK,GLCTLVAML
656,CKIRHRSGDWEAFF,TLGFFDAQRGPPWEQPEDQDVGHIGINDWAAAK,AVFDRKSDAK
657,VASSNFLTHYEIYV,TLGFFDAQRGPPWEQPEDQDVGHIGINDWAAAK,KLGGALQAK
658,LSAGGEAQTEAGF,TLGFFDAPRGPPWEQPEDQDEGHLGINDWAAAQ,LPRRSGAAGA
659,CSARDAAETYGHIFF,TLGFFDAQRGPPWEQPEDQDVGHIGINDWAAAK,GTSGSPIINR
660,QAGIRECEAFA,TVGFFDAQRGPPWEQPEDQHVGHVGIKDWAAAK,YLQPRTFLL
661,CARIREDDQFF,TVGFFDAQRGPPWEQPEDQHVGHVGIKDWAAAK,LLWNGPMAV
662,MVWIRITEAFL,TVGFFDAQRGPPWEQPEDQHVGHVGIKDWAAAK,LLWNGPMAV
663,CAWIRRHEAPF,TVGFFDAQRGPPWEQPEDQHVGHVGIKDWAAAK,ELAGIGILTV
664,TATSIRPDWYPQVF,TVGFFDAQRGPPWEQPEDQHVGHVGIKDWAAAK,GLCTLVAML
665,PSDRDGTDYGWTK,TVGFFDAQRGPPWEQPEDQHVGHVGIKDWAAAK,GLCTLVAML
666,CSSHAAGALYWEKFF,TVGFFDAQRGPPWEQPEDQHVGHVGIKDWAAAK,GILGFVFTL
667,ASSWPQAYHQY,TLGFFDAQRGPPWEQPEDQDVGHIGINDWAAAK,LVVDFSQFSR
668,ASSFRSKERE,TLGFFDAPRGPPWEQPEDQYEGHIGINDWAAAQ,LPEPLPQGQLTAY
669,ASSAPSGWLN,TLGFFDAPRGPPWEQPEDQDEGHLGINDWAAAQ,RAKFKQLL
670,ASGIRKGFLF,TLGFFDAQRGPPWEQPEDQDVGHIGINDWAAAK,KLGGALQAK
671,QSSARYGALF,TVGFFDAQRGPPWEQPEDQHVGHVGIKDWAAAK,GLCTLVAML
672,CFSSYVQLTGMLTL,TLGFFDAQRGPPWEQPEDQDVGHIGINDWAAAK,KLGGALQAK
673,IAISEFGQGMPPHN,TLGFFDAPRGPPWEQPEDQDEGHLGINDWAAAQ,KRWIIMGLNK
674,NANSVVGVGQHQIN,TVGFFDAQRGPPWEQPEDQHVGHVGIKDWAAAK,GILGFVFTL
675,CSIEEVGVQGPQPF,TVGFFDAQRGPPWEQPEDQHVGHVGIKDWAAAK,RTLNAWVKV
676,ASAFCGSTDTQYF,TLGFFDAQRGPPWEQPEDQDVGHIGINDWAAAK,AVFDRKSDAK
677,ASSPGQCFEQC,TVGFFDAQRGPPWEQPEDQHVGHVGIKDWAAAK,YLQPRTFLL
678,ASQLGQIYESY,TLGFFDAQRGPPWEQPEDQDVGHIGINDWAAAK,KLGGALQAK
679,ASSEKGAYEQY,TLGFFDAQRGPPWEQPEDQDVGHIGINDWAAAK,KLGGALQAK
680,FSHLGHAYEQY,TLGFFDAQKGPPWEQPEDQDAGHIGINDWAAAK,VTEHDTLLY
681,ASCSGQAPMQY,TVGFFDAQRGPPWEQPEDQHVGHVGIKDWAAAK,NLVPMVATV
682,AHSFGQAYEGY,TVGFFDAQRGPPWEQPEDQHVGHVGIKDWAAAK,NLVPMVATV
683,ALSLYLCYEQY,TVGFFDAQRGPPWEQPEDQHVGHVGIKDWAAAK,GLCTLVAML
684,RSRGGLAGFRHVQW,TVGFFDAQRGPPWEQPEDQHVGHVGIKDWAAAK,YVLDHLIVV
685,ASRPGLAGGHWLQW,TVGFFDAQRGPPWEQPEDQHVGHVGIKDWAAAK,YVLDHLIVV
686,ARRPQLAGGRPETM,TLGFFDAQRGPPWEQPEDQDVGHIGINDWAAAK,LVVDFSQFSR
687,ASGPQYAGMRPEQY,TVGFFDAQRGPPWEQPEDQHVGHVGIKDWAAAK,GLCTLVAML
688,YSRWGLAWCRNESY,TLGFFDAPRGPPWEQPEDQDEGHLGINDWAAAQ,TPRVTGGGAM
689,ASRPGLYIHNPWHY,TLGFFDAQRGPPWEQPEDQDVGHIGINDWAAAK,KLGGALQAK
690,ASRPGLFEPRWEHY,TVGFFDAQRGPPWEQPEDQHVGHVGIKDWAAAK,YVLDHLIVV
691,AKRPRLAGGRPCNY,TLGFFDAPRGPPWEQPEDQDEGHLGINDWAAAQ,TPRVTGGGAM
692,DSFACSGEKF,TVGFFDAQRGPPWEQPEDQHVGHVGIKDWAAAK,GLCTLVAML
693,AMSARSGEKF,TLGFFDAQRGPPWEQPEDQDVGHIGINDWAAAK,KLGGALQAK
694,ANSAASGEMF,TLGFFDAQRGPPWEQPEDQDVGHIGINDWAAAK,KTAYSHLSTSK
695,ASQRRSQEQF,TVGFFDAQRGPPWEQPEDQHVGHVGIKDWAAAK,GLCTLVAML
696,AQSARTGWPF,TLGFFDAQRGPPWEQPEDQDVGHIGINDWAAAK,KLGGALQAK
697,AHSARSNEEF,TVGFFDAQRGPPWEQPEDQHVGHVGIKDWAAAK,YVLDHLIVV
698,ASSPRSGCLF,TLGFFDAQRGPPWEQPEDQDVGHIGINDWAAAK,KLGGALQAK
699,AESAFSGELF,TVGFFDAQRGPPWEQPEDQHVGHVGIKDWAAAK,YVLDHLIVV
700,ASSAWSGKLF,TVGFFDAQRGPPWEQPEDQHVGHVGIKDWAAAK,GLCTLVAML
701,YSSPTWFPGHATDTQY,TLGFFDAQRGPPWEQPEDQDVGHIGINDWAAAK,LVVDFSQFSR
702,ASSFVWTYGEATDAQY,TLGFFDAQRGPPWEQPEDQDVGHIGINDWAAAK,KLGGALQAK
703,ASSFTWNYPGATNTQY,TVGFFDAQRGPPWEQPEDQHVGHVGIKDWAAAK,GILGFVFTL
704,VSSFTSTSGVWTVQQY,TLGFFDAQRGPPWEQPEDQDVGHIGINDWAAAK,KLGGALQAK
705,AQSDTDNSGGAIDTQY,TVGFFDAQRGPPWEQPEDQHVGHVGIKDWAAAK,YVLDHLIVV
706,CACPFAPKWEEHGYEF,TLGFFDAQRGPPWEQPEDQDVGHIGINDWAAAK,KLGGALQAK
707,CAILGQDYHYTM,TLGFFDAQRGPPWEQPEDQDVGHIGINDWAAAK,KLGGALQAK
708,CAVLYQCYGWNF,TVGFFDAQRGPPWEQPEDQHVGHVGIKDWAAAK,GILGFVFTL
709,LAIMGQGGDYTF,TLGFFDAQRGPPWEQPEDQDVGHIGINDWAAAK,KLGGALQAK
710,SAILGQGYVYCF,TVGFFDAQRGPPWEQPEDQHVGHVGIKDWAAAK,GLCTLVAML
711,CAIEGQKYGYQF,TLGFFDAQRGPPWEQPEDQDVGHIGINDWAAAK,KLGGALQAK
712,PHILDCGYGWTF,TLGFFDAQRGPPWEQPEDQDVGHIGINDWAAAK,KLGGALQAK
713,IAILLQGYGRQT,TVGFFDAQRGPPWEQPEDQHVGHVGIKDWAAAK,NLVPMVATV
714,CAIMGQQNGYTF,TVGFFDAQRGPPWEQPEDQDEGHLGIKDWAAAK,SFHSLHLLF
715,CAFCGRMYGMTF,TLGFFDAQRGPPWEQPEDQDVGHIGINDWAAAK,LVVDFSQFSR
716,WAVLGQGYQYGF,TVGFFDAQRGPPWEQPEDQHVGHVGIKDWAAAK,YVLDHLIVV
717,CAILGQTSGYPF,TVGFFDAQRGPPWEQPEDQHVGHVGIKDWAAAK,GILGFVFTL
718,YAIGMEGYSYTF,TVGFFDAQRGPPWEQPEDQHVGHVGIKDWAAAK,GILGFVFTL
719,YAGLGQGYGITF,TLGFFDAQRGPPWEQPEDQDVGHIGINDWAAAK,KLGGALQAK
720,CTVLGQGYCGTQ,TVGFFDAQRGPPWEQPEDQHVGHVGIKDWAAAK,LLWNGPMAV
721,CDMLGQGYGATF,TVGFFDAQRGPPWEQPEDQHVGHVGIKDWAAAK,GLCTLVAML
722,CKILGRGMGRTH,TVGFFDAQRGPPWEQPEDQHVGHVGIKDWAAAK,NLVPTVATV
723,CYSQTFHPTQHQF,TVGFFDAQRGPPWEQPEDQHVGHVGIKDWAAAK,AMFWSVPTV
724,CASQTFSILFKTF,TVGFFDAQRGPPWEQPEDQHVGHVGIKDWAAAK,KLMNIQQKL
725,CGSQTFVPGQTQT,TLGFFDAQKGPPWEQPEDQDAGHIGINDWAAAK,VTEHDTLLY
726,CAPHTYVPGQTQP,TLGFFDAQRGPPWEQPEDQDVGHIGINDWAAAK,KLGGALQAK
727,CASQLFSPLKTQG,TVGFFDAQRGPPWEQPEDQHVGHVGIKDWAAAK,ELAGIGILTV
728,CASGWFNPGQDQE,TLGFFDAQRGPPWEQPEDQDVGHIGINDWAAAK,KLGGALQAK
729,CADQTLSPGQTQC,TVGFFDAQRGPPWEQPEDQHVGHVGIKDWAAAK,FLYNLLTRV
730,CYTQTFGPGWTQG,TVGFFDAQRGPPWEQPEDQHVGHVGIKDWAAAK,GLCTLVAML
731,CASQTWSYGWDQF,TLGFFDAPRGPPWEQPEDQDEGHLGINDWAAAQ,QIKVRVDMV
732,PASWMFSPGQTMF,TVGFFDAQRGPPWEQPEDQHVGHVGIKDWAAAK,YVLDHLIVV
733,YAWQEFSPGQHMF,TVGFFDAQRGPPWEQPEDQHVGHVGIKDWAAAK,NLVPMVATV
734,LASQTFTPGQRQF,TVGFFDAQRGPPWEQPEDQHVGHVGIKDWAAAK,NLVPMVATV
735,CESQEFPPGQTQF,TVGFFDAQRGPPWEQPEDQHVGHVGIKDWAAAK,GILGFVFTL
736,CLQQTFSNWQTQF,TLGFFDAQRGPPWEQPEDQDVGHIGINDWAAAK,KLGGALQAK
737,CCSSDVGNAGELTM,TVGFFDAQRGPPWEQPEDQHVGHVGIKDWAAAK,AMFWSVPTV
738,AASCALGGCAQSTQYF,TVGFFDAQRGPPWEQPEDQHVGHVGIKDWAAAK,GLCTLVAML
739,CRTSQFPGSTYEQYT,TLGFFDAQRGPPWEQPEDQDVGHIGINDWAAAK,GTSGSPIINR
740,CSARGSAYGPYTL,TLGFFDAQRGPPWEQPEDQDVGHIGINDWAAAK,LVVDFSQFSR
741,CVARCGRAGDYHF,TLGFFDAQRGPPWEQPEDQDVGHIGINDWAAAK,KLGGALQAK
742,CSHGGGIGGDYTF,TLGFFDAPRGPPWEQPEDQDEGHLGINDWAAAQ,QIKVRVKMV
743,CSARGGRKGDLKD,TVGFFDAQRGPPWEQPEDQHVGHVGIKDWAAAK,YVLDHLIVV
744,CSADGGRGGNCTF,TLGFFDAQRGPPWEQPEDQDVGHIGINDWAAAK,KLGGALQAK
745,CSQRGIRGGLSTT,TVGFFDAQRGPPWEQPEDQHVGHVGIKDWAAAK,GLCTLVAML
746,CIISGKTCNEQFF,TLGFFDAQRGPPWEQPEDQDVGHIGINDWAAAK,KLGGALQAK
747,QATGESNSPTHT,TLGFFDAQRGPPWEQPEDQDVGHIGINDWAAAK,KLGGALQAK
748,CAAGDLNDPLHT,TLGFFDAPRGPPWEQPEDQDEGHLGINDWAAAQ,LPRRSGAAGA
749,CNHGDSCAPLHF,TLGFFDAQRGPPWEQPEDQDVGHIGINDWAAAK,LVVDFSQFSR
750,NASGESESPLHF,TVGFFDAQRGPPWEQPEDQHVGHVGIKDWAAAK,NLVPMVATV
751,CASMDSNSKDHF,TLGFFDAQRGPPWEQPEDQDVGHIGINDWAAAK,KLGGALQAK
752,CAVSDTNSPLHF,TLGFFDAQRGPPWEQPEDQDVGHIGINDWAAAK,AVFDRKSDAK
753,IASGDENPPLHF,TVGFFDAQRGPPWEQPEDQHVGHVGIKDWAAAK,GILGFVFTL
754,QASGASQSPLHF,TLGFFDAQRGPPWEQPEDQDVGHIGINDWAAAK,KLGGALQAK
755,DASGDDNDDLHF,TVGFFDAQRGPPWEQPEDQHVGHVGIKDWAAAK,FLMASISSS
756,EAVIDSWSPLQF,TVGFFDAQRGPPWEQPEDQHVGHVGIKDWAAAK,ELAGIGILTV
757,CYFPDNVSPLHF,TVGFFDAQRGPPWEQPEDQHVGHVGIKDWAAAK,NLVPMVATV
758,MAVGCGDSPLHF,TLGFFDAQRGPPWEQPEDQDVGHIGINDWAAAK,KTAYSHLSTSK
759,CARSDQNGQLHF,TVGFFDAQRGPPWEQPEDQHVGHVGIKDWAAAK,YVLDHLIVV
760,CASECALDNSYEKYF,TVGFFDAQRGPPWEQPEDQHVGHVGIKDWAAAK,ELAGIGILTV
761,CASRCRRNQFA,TLGFFDAQRGPPWEQPEDQDVGHIGINDWAAAK,KLGGALQAK
762,CYSRHKREQFF,TLGFFDAQRGPPWEQPEDQDVGHIGINDWAAAK,KLGGALQAK
763,CRHFDRREQFW,TLGFFDAQRGPPWEQPEDQDVGHIGINDWAAAK,KLGGALQAK
764,CASPDRRRQGS,TVGFFDAQRGPPWEQPEDQHVGHVGIKDWAAAK,GILGFVFTL
765,CVSSELSHAPDKQYF,TVGFFDAQRGPPWEQPEDQHVGHVGIKDWAAAK,GLCTLVAML
766,CMSPGTGADNSPGHI,TLGFFDAPRGPPWEQPEDQDEGHLGINDWAAAQ,TPQDLNTML
767,CASYNQGARNSPEHF,TLGFFDAQRGPPWEQPEDQDVGHIGINDWAAAK,KLGGALQAK
768,CKSSESLYVSAYEQLE,TLGFFDAQRGPPWEQPEDQDVGHIGINDWAAAK,KLGGALQAK
769,CASGEVLGVSMYEKEF,TVGFFDAQRGPPWEQPEDQHVGHVGIKDWAAAK,GLCTLVAML
770,PQSSTSLGVAAREQYF,TVGFFDAQRGPPWEQPEDQHVGHVGIKDWAAAK,YVLDHLIVV
771,GAKSFKSTCQGIGYTS,TLGFFDAQRGPPWEQPEDQDVGHIGINDWAAAK,AVFDRKSDAK
772,CAKSTKSTNQGIGYTR,TVGFFDAQRGPPWEQPEDQHVGHVGIKDWAAAK,GLCTLVAML
773,CASVSGCWVYEFYF,TVGFFDAQRGPPWEQPEDQHVGHVGIKDWAAAK,YVLDHLIVV
774,CPYSGGQIIMLQYF,TVGFFDAQRGPPWEQPEDQHVGHVGIKDWAAAK,GILGFVFTL
775,EASKGRPILYEQFF,TVGFFDAQRGPPWEQPEDQHVGHVGIKDWAAAK,GILGFVFTL
776,GESPLGIIVYEIYF,TLGFFDAQRGPPWEQPEDQDVGHIGINDWAAAK,KLGGALQAK
777,CENSGNKWGDYGKTF,TLGFFDAQRGPPWEQPEDQDVGHIGINDWAAAK,KLGGALQAK
778,CASLGNIFGRYHYTM,TLGFFDAQRGPPWEQPEDQDVGHIGINDWAAAK,KLGGALQAK
779,LYSSLWTCKEEQYF,TLGFFDAQRGPPWEQPEDQDVGHIGINDWAAAK,KLGGALQAK
780,CSSSLYTGWIIQAF,TVGFFDAQRGPPWEQPEDQHVGHVGIKDWAAAK,YVLDHLIVV
781,CWSSSCMYEQYF,TVGFFDAQRGPPWEQPEDQHVGHVGIKDWAAAK,GILGFVFTL
782,HAQSSDYNEQPF,TLGFFDAQRGPPWEQPEDQDVGHIGINDWAAAK,AVFDRKSDAK
783,CASSSDQVSQYE,TVGFFDAQRGPPWEQPEDQHVGHVGIKDWAAAK,GLCTLVAML
784,KATSRQANEWQYI,TLGFFDAPRGPPWEQPEDQDEGHLGINDWAAAQ,TPRVTGGGAM
785,CMTGRLAGAQQYF,TVGFFDAQRGPPWEQPEDQHVGHVGIKDWAAAK,LLYDANYFL
786,CATYRVAGETQAF,TLGFFDAQRGPPWEQPEDQDVGHIGINDWAAAK,IVTDFSVIK
787,ISISLSLEGVYCEQCF,TLGFFDAQRGPPWEQPEDQDVGHIGINDWAAAK,KLGGALQAK
788,CARENFGVDTGPLFF,TVGFFDAQRGPPWEQPEDQHVGHVGIKDWAAAK,NLVPMVATV
789,CASRVWRNEGELYF,TLGFFDAQKGPPWEQPEDQDAGHIGINDWAAAK,VTEHDTLLY
790,HRSSFGGSWLAEL,TVGFFDAQRGPPWEQPEDQHVGHVGIKDWAAAK,GLCTLVAML
791,CAFSFGMGGLAML,TVGFFDAQRGPPWEQPEDQHVGHVGIKDWAAAK,ELAGIGILTV
792,CASSIGGQEWAEL,TLGFFDAPRGPPWEQPEDQYEGHLGINDWAAAQ,YHSIEWAI
793,CASAKGGGLLAEY,TVGFFDAQRGPPWEQPEDQHVGHVGIKDWAAAK,NLVPMVATV
794,CHESLGSTLERYF,TLGFFDAQRGPPWEQPEDQDVGHIGINDWAAAK,KLGGALQAK
795,GASSLSDFHEQYF,TVGFFDAQRGPPWEQPEDQHVGHVGIKDWAAAK,GLCTLVAML
796,CASILQSTTEQYQ,TVGFFDAQRGPPWEQPEDQHVGHVGIKDWAAAK,YVLDHLIVV
797,CATQVVFSGETGYS,TVGFFDAQRGPPWEQPEDQHVGHVGIKDWAAAK,YVLDHLIVV
798,LASRFIGHGNNEYQS,TLGFFDAQRGPPWEQPEDQDVGHIGINDWAAAK,KTAYSHLSTSK
799,CASFVSKTQYH,TLGFFDAQRGPPWEQPEDQDVGHIGINDWAAAK,RLRAEAQVK
800,CASSRPWDERTDTQYF,TVGFFDAQRGPPWEQPEDQHVGHVGIKDWAAAK,NLVPMVATV
801,PAFMIGDQETQYF,TVGFFDAQRGPPWEQPEDQHVGHVGIKDWAAAK,YVLDHLIVV
802,CASSCQLGYSGTEAFG,TLGFFDAQRGPPWEQPEDQDVGHIGINDWAAAK,KLGGALQAK
803,CAYSIGVALGATF,TLGFFDAQRGPPWEQPEDQDVGHIGINDWAAAK,LVVDFSQFSR
804,CASFIDSRGGKDYYTF,TVGFFDAQRGPPWEQPEDQHVGHVGIKDWAAAK,EAAGIGILTV
805,GVSYLFYGGPAEEQLF,TLGFFDAQRGPPWEQPEDQDVGHIGINDWAAAK,LVVDFSQFSR
806,CASPPASFYHQYF,TVGFFDAQRGPPWEQPEDQHVGHVGIKDWAAAK,NLVPMVATV
807,VASIEAGGFENTF,TLGFFDAPRGPPWEQPEDQYEGHLGINDWAAAQ,NQKLIANQF
808,CASTPYWDSVSNQPNSF,TVGFFDAQRGPPWEQPEDQHVGHVGIKDWAAAK,GILGFVFTL
809,CAENKGTYEAYF,TVGFFDAQRGPPWEQPEDQHVGHVGIKDWAAAK,NLVPMVATV
810,RSFSQGDESYEQLF,TLGFFDAPRGPPWEQPEDQYEGHIGINDWAAAQ,NEGVKAAW
811,CSVGGADYEIYF,TVGFFDAQRGPPWEQPEDQHVGHVGIKDWAAAK,GLCTLVAML
812,WASPTQGGWNELFY,TLGFFDAQRGPPWEQPEDQDVGHIGINDWAAAK,KLGGALQAK
813,LASSPITCGYQFF,TLGFFDAQRGPPWEQPEDQDVGHIGINDWAAAK,RLRPGGKKK
814,CHSSTGTSISHFF,TLGFFDAQRGPPWEQPEDQDVGHIGINDWAAAK,KLGGALQAK
815,CASHTGCSGHQFF,TLGFFDAQRGPPWEQPEDQDVGHIGINDWAAAK,KLGGALQAK
816,PATARFGGDTCYM,TVGFFDAQRGPPWEQPEDQHVGHVGIKDWAAAK,YVLDHLIVV
817,FATSRPGMETQFG,TVGFFDAQRGPPWEQPEDQHVGHVGIKDWAAAK,GILGFVFTL
818,CATARQGGETPYF,TLGFFDAQRGPPWEQPEDQDVGHIGINDWAAAK,KLGGALQAK
819,CPSSGSACLVQETWYF,TVGFFDAQRGPPWEQPEDQHVGHVGIKDWAAAK,NLVPMVATV
820,CAYSPSIGSIQEAEE,TLGFFDAQRGPPWEQPEDQDVGHIGINDWAAAK,KLGGALQAK
821,YASSQDLGNLNWHAMC,TLGFFDAQRGPPWEQPEDQDVGHIGINDWAAAK,KLGGALQAK
822,CASSTNDAGTSQQCF,TVGFFDAQRGPPWEQPEDQHVGHVGIKDWAAAK,GLCTLVAML
823,FQAHVGFDRETQEF,TLGFFDAQRGPPWEQPEDQDVGHIGINDWAAAK,KLGGALQAK
824,AASRLAGGNCEAFF,TLGFFDAQRGPPWEQPEDQDVGHIGINDWAAAK,AVFDRKSDAK
825,CADHDFSHPYEQPR,TVGFFDAQRGPPWEQPEDQHVGHVGIKDWAAAK,YVLDHLIVV
826,RVARDTADTEAIF,TLGFFDAPRGPPWEQPEDQDEGHLGINDWAAAQ,LPRRSGAAGA
827,CSARDIAVPYNDQFN,TLGFFDAQRGPPWEQPEDQDVGHIGINDWAAAK,KLGGALQAK
828,AAWIREGNANF,TVGFFDAQRGPPWEQPEDQHVGHVGIKDWAAAK,YVLDHLIVV
829,CAWIQEVEFFV,TLGFFDAQRGPPWEQPEDQDVGHIGINDWAAAK,KLGGALQAK
830,CAWWREFEAFR,TLGFFDAPRGPPWEQPEDQDEGHLGINDWAAAQ,LPRRSGAAGA
831,KGWIRPTTAFF,TLGFFDAQRGPPWEQPEDQDVGHIGINDWAAAK,AVFDRKSDAK
832,PATSRDPRTDNGYF,TVGFFDAQRGPPWEQPEDQHVGHVGIKDWAAAK,GLCTLVAML
833,MSARDGTDEGYTE,TLGFFDAQRGPPWEQPEDQDVGHIGINDWAAAK,KLGGALQAK
834,WSQVNAGAGYNEQAF,TVGFFDAQRGPPWEQPEDQHVGHVGIKDWAAAK,GILGFVFTL
835,HMSLGQASEQD,TLGFFDAQRGPPWEQPEDQDVGHIGINDWAAAK,KLGGALQAK
836,DYSARSGELE,TVGFFDAQRGPPWEQPEDQHVGHVGIKDWAAAK,GILGFVFTL
837,SSSATSHELF,TVGFFDAQRGPPWEQPEDQHVGHVGIKDWAAAK,YVLDHLIVV
838,ADHARSGELF,TVGFFDAQRGPPWEQPEDQHVGHVGIKDWAAAK,YVLDHLIVV
839,GSSARSQEGF,TLGFFDAPRGPPWEQPEDQDEGHLGINDWAAAQ,TPRVTGGGAM
840,CAQRYVGNTGEEFQ,TVGFFDAQRGPPWEQPEDQHVGHVGIKDWAAAK,LLWNGPMAV
841,CAHFEVGVGQPQEG,TLGFFDAQRGPPWEQPEDQDVGHIGINDWAAAK,KLGGALQAK
842,GAINEVGVYQPDFC,TLGFFDAQRGPPWEQPEDQDVGHIGINDWAAAK,KLGGALQAK
843,CAIHEVAVGRPQIF,TVGFFDAQRGPPWEQPEDQHVGHVGIKDWAAAK,GLCTLVAML
844,ASSFKGGNMKQYF,TVGFFDAQRGPPWEQPEDQHVGHVGIKDWAAAK,LLLGIGILV
845,ASSCPAAYEQY,TVGFFDAQRGPPWEQPEDQHVGHVGIKDWAAAK,YVLDHLIVV
846,ASSLGFRCFQY,TLGFFDAPRGPPWEQPEDQYEGHIGINDWAAAQ,HPVGEADYFEY
847,ASSLFDAYFQN,TLGFFDAPRGPPWEQPEDQDEGHLGINDWAAAQ,RAKFKQLL
848,ASSLRKAYEQI,TLGFFDAQRGPPWEQPEDQDVGHIGINDWAAAK,KLGGALQAK
849,AGSCFQAYEQY,TVGFFDAQRGPPWEQPEDQHVGHVGIKDWAAAK,GILGFVFTL
850,AAMFGQAYEGY,TVGFFDAQRGPPWEQPEDQHVGHVGIKDWAAAK,NLVPMVATV
851,AWHLGQACEQY,TVGFFDAQRGPPWEQPEDQHVGHVGIKDWAAAK,YVLDHLIVV
852,ASNPGLGGGRDEES,TLGFFDAQRGPPWEQPEDQDVGHIGINDWAAAK,KLGGALQAK
853,ASRPVLAKWRPYEY,TLGFFDAQRGPPWEQPEDQDVGHIGINDWAAAK,KLGGALQAK
854,AIRPDLLGGRKENY,TVGFFDAQRGPPWEQPEDQHVGHVGIKDWAAAK,YVLDHLIVV
855,ASRYGAAIKNIEQY,TVGFFDAQRGPPWEQPEDQHVGHVGIKDWAAAK,GLCTLVAML
856,ASFFMWAGSRPEYY,TVGFFDAQRGPPWEQPEDQHVGHVGIKDWAAAK,YVLDHLIVV
857,ISRPGNAGGDPEGY,TLGFFDAPRGPPWEQPEDQDEGHLGINDWAAAQ,RAKFKQLL
858,SHVPGMAGGRPEQY,TVGFFDAQRGPPWEQPEDQHVGHVGIKDWAAAK,YVLDHLIVV
859,FSRPHLAGGCPRKI,TLGFFDAPRGPPWEQPEDQDEGHLGINDWAAAQ,RPPIFIRRL
860,CSSARSREGR,TVGFFDAQRGPPWEQPEDQHVGHVGIKDWAAAK,ELAGIGILTV
861,AVSARSGELS,TVGFFDAQRGPPWEQPEDQHVGHVGIKDWAAAK,GLCTLVAML
862,ASSAPDGELF,TVGFFDAQRGPPWEQPEDQHVGHVGIKDWAAAK,GLCTLVAML
863,ASNAREGELF,TLGFFDAQRGPPWEQPEDQDVGHIGINDWAAAK,KLGGALQAK
864,ASWADSGELF,TVGFFDAQRGPPWEQPEDQHVGHVGIKDWAAAK,GLCTLVAML
865,ARYHRSGEKF,TLGFFDAPRGPPWEQPEDQYEGHIGINDWAAAQ,EPLPQGQLTAY
866,YSVARSGELR,TVGFFDAQRGPPWEQPEDQHVGHVGIKDWAAAK,GLCTLVAML
867,MSNARVVELF,TVGFFDAQRGPPWEQPEDQHVGHVGIKDWAAAK,YVLDHLIVV
868,ASVAESGSLF,TVGFFDAQRGPPWEQPEDQHVGHVGIKDWAAAK,NLVPMVATV
869,ACHFTWTSGGATEDFY,TLGFFDAQRGPPWEQPEDQDVGHIGINDWAAAK,KLGGALQAK
870,KSSYTWTSGGMTDTIY,TLGFFDAQRGPPWEQPEDQDVGHIGINDWAAAK,KLGGALQAK
871,CSAFTHCSGPATDTRY,TLGFFDAQRGPPWEQPEDQDVGHIGINDWAAAK,KLGGALQAK
872,QSSFTWTSNPAAATQY,TLGFFDAQRGPPWEQPEDQDVGHIGINDWAAAK,AVFDRKSDAK
873,ASSETEEPEWATDTQY,TLGFFDAQRGPPWEQPEDQDVGHIGINDWAAAK,KLGGALQAK
874,CAASKGPHQGEHACTF,TVGFFDAQRGPPWEQPEDQHVGHVGIKDWAAAK,GLCTLVAML
875,CIIPGQGYTVTP,TLGFFDAQRGPPWEQPEDQDVGHIGINDWAAAK,KLGGALQAK
876,CAILGAGYGYYW,TLGFFDAQRGPPWEQPEDQDVGHIGINDWAAAK,KLGGALQAK
877,CWERSQGYGYTK,TVGFFDAQRGPPWEQPEDQHVGHVGIKDWAAAK,LLWNGPMAV
878,GAILGHGMGYGN,TVGFFDAQRGPPWEQPEDQHVGHVGIKDWAAAK,ELAGIGILTV
879,MAILGQIYSYTL,TVGFFDAQRGPPWEQPEDQHVGHVGIKDWAAAK,YVLDHLIVV
880,CYILGQGYGYWQ,TVGFFDAQRGPPWEQPEDQHVGHVGIKDWAAAK,GLCTLVAML
881,PAIVGQGYWWTI,TVGFFDAQRGPPWEQPEDQHVGHVGIKDWAAAK,ELAGIGILTV
882,CRILGIRYGYRH,TLGFFDAQRGPPWEQPEDQDVGHIGINDWAAAK,KLGGALQAK
883,HAILGQGYGCRF,TVGFFDAQRGPPWEQPEDQHVGHVGIKDWAAAK,GILGFVFTL
884,CANLGKGYGSTF,TLGFFDAQRGPPWEQPEDQDVGHIGINDWAAAK,KLGGALQAK
885,VAFNGIGYGYTM,TVGFFDAQRGPPWEQPEDQHVGHVGIKDWAAAK,NLVPMVATV
886,CGILGRGYPYTF,TLGFFDAPRGPPWEQPEDQYEGHIGINDWAAAQ,EPLPQGQLTAY
887,CACCGQNYGYTV,TLGFFDAPRGPPWEQPEDQDEGHLGINDWAAAQ,TPQDLNTML
888,RGILGQGEGYSF,TVGFFDAQRGPPWEQPEDQHVGHVGIKDWAAAK,NLVPMVATV
889,CAGLGTGMGYTG,TVGFFDAQRGPPWEQPEDQHVGHVGIKDWAAAK,GLCTLVAML
890,CDIDGQGYHYTF,TLGFFDAPRGPPWEQPEDQDEGHLGINDWAAAQ,RAKFKQLL
891,ADSQTFSPTQTQF,TVGFFDAQRGPPWEQPEDQHVGHVGIKDWAAAK,GILGFVFTL
892,HASQTFSGGQGLF,TVGFFDAQRGPPWEQPEDQHVGHVGIKDWAAAK,GLCTLVAML
893,CASPTFSFGQTNF,TLGFFDAQRGPPWEQPEDQDVGHIGINDWAAAK,AVFDRKSDAK
894,QKSQWFSPGQRQF,TVGFFDAQRGPPWEQPEDQHVGHVGIKDWAAAK,GILGFVFTL
895,CKSCTFSPPCTIF,TLGFFDAPRGPPWEQPEDQDEGHLGINDWAAAQ,LPRRSGAAGA
896,CHSTTFEALQTQF,TLGFFDAPRGPPWEQPEDQDEGHLGINDWAAAQ,KRWIILGLNK
897,TASQTFSPKQVQF,TVGFFDAQRGPPWEQPEDQHVGHVGIKDWAAAK,YVLDHLIVV
898,YASQTISPGQTNY,TLGFFDAPRGPPWEQPEDQYEGHIGINDWAAAQ,FEDLRVSSF
899,CASQTFKPHGTEF,TVGFFDAQRGPPWEQPEDQHVGHVGIKDWAAAK,LLWNGPMAV
900,CVLNTFSPGETWF,TLGFFDAQRGPPWEQPEDQDVGHIGINDWAAAK,KLGGALQAK
901,HASQTVPPGQSDF,TLGFFDAPRGPPWEQPEDQDEGHLGINDWAAAQ,RAKFKQLL
902,CAMGIGSPGQTHF,TVGFFDAQRGPPWEQPEDQHVGHVGIKDWAAAK,GLCTLVAML
903,CASQIFSLGQTKA,TVGFFDAQRGPPWEQPEDQHVGHVGIKDWAAAK,GLCTLVAML
904,HATRTFSPLSTQF,TVGFFDAQRGPPWEQPEDQHVGHVGIKDWAAAK,YVLDHLIVV
905,KAPSYRFNTGELCD,TVGFFDAQRGPPWEQPEDQHVGHVGIKDWAAAK,GLCTLVAML
906,CASSFLIGGARMTQPF,TLGFFDAQRGPPWEQPEDQDVGHIGINDWAAAK,KLGGALQAK
907,CSAIPTPGLTVEMYF,TLGFFDAPRGPPWEQPEDQDEGHLGINDWAAAQ,RAKFKQLL
908,CSRSGGDGGDYTE,TLGFFDAQRGPPWEQPEDQDVGHIGINDWAAAK,KLGGALQAK
909,NSRRSIRGGWYTF,TVGFFDAQRGPPWEQPEDQHVGHVGIKDWAAAK,YVLDHLIVV
910,CSRRGTVGGDYTF,TVGFFDAQRGPPWEQPEDQHVGHVGIKDWAAAK,GILGFVFTL
911,CSDRGGRYGDYKF,TLGFFDAQRGPPWEQPEDQDVGHIGINDWAAAK,KLGGALQAK
912,CSARGGQGGEYGS,TLGFFDAQRGPPWEQPEDQDVGHIGINDWAAAK,KLGGALQAK
913,CHHRGGRGGDYYF,TLGFFDAQRGPPWEQPEDQDVGHIGINDWAAAK,KLGGALQAK
914,HSAPGETYNEQEF,TVGFFDAQRGPPWEQPEDQHVGHVGIKDWAAAK,GLCTLVAML
915,CASGASNSPDLC,TLGFFDAQRGPPWEQPEDQDVGHIGINDWAAAK,KLGGALQAK
916,CASFDSQWPLFC,TLGFFDAQRGPPWEQPEDQDVGHIGINDWAAAK,KLGGALQAK
917,CASGYPNSHLHF,TLGFFDAQRGPPWEQPEDQDVGHIGINDWAAAK,KLGGALQAK
918,CAGGDSNRPWHF,TLGFFDAPRGPPWEQPEDQDEGHLGINDWAAAQ,LPRRSGAAGA
919,WLSGDSNMRLMF,TVGFFDAQRGPPWEQPEDQHVGHVGIKDWAAAK,NLVPMVATV
920,EASNDLCSPLSF,TLGFFDAQRGPPWEQPEDQDVGHIGINDWAAAK,KLGGALQAK
921,CISFDSNSPSHY,TVGFFDAQRGPPWEQPEDQHVGHVGIKDWAAAK,GILGFVFTL
922,CAGGVSPRPLHF,TVGFFDAQRGPPWEQPEDQHVGHVGIKDWAAAK,YVLDHLIVV
923,CACGSRTSPLHY,TVGFFDAQRGPPWEQPEDQDEGHLGIKDWAAAK,AYAQKIFKI
924,TADGDSYSHDHF,TVGFFDAQRGPPWEQPEDQHVGHVGIKDWAAAK,GILGFVFTL
925,CKSGDSQSPGHF,TVGFFDAQRGPPWEQPEDQHVGHVGIKDWAAAK,GILGFVFTL
926,KAHGDSPSPLHF,TVGFFDAQRGPPWEQPEDQHVGHVGIKDWAAAK,NLVPMVATV
927,VASGDSRRKDHF,TVGFFDAQRGPPWEQPEDQHVGHVGIKDWAAAK,YVLDHLIVV
928,SASSEAKFGVYEHYN,TLGFFDAQRGPPWEQPEDQDVGHIGINDWAAAK,AVFDRKSDAK
929,KAKIDIREQFF,TVGFFDAQRGPPWEQPEDQHVGHVGIKDWAAAK,YVLDHLIVV
930,CQSRNRREQFR,TLGFFDAQRGPPWEQPEDQDVGHIGINDWAAAK,KLGGALQAK
931,CHIRDDREIFF,TVGFFDAQRGPPWEQPEDQHVGHVGIKDWAAAK,GLCTLVAML
932,CKTRDRCEQYF,TLGFFDAQRGPPWEQPEDQDVGHIGINDWAAAK,KLGGALQAK
933,KRPYEIPGASDTWYF,TVGFFDAQRGPPWEQPEDQHVGHVGIKDWAAAK,GILGFVFTL
934,CASSYQNADNHNLHA,TVGFFDAQRGPPWEQPEDQHVGHVGIKDWAAAK,LLLGIGILV
935,CQSGETFADNSQLHF,TVGFFDAQRGPPWEQPEDQHVGHVGIKDWAAAK,YLQPRTFLL
936,CAMSETLGVSANMTYF,TVGFFDAQRGPPWEQPEDQHVGHVGIKDWAAAK,GLCTLVAML
937,CASSESLFVIAMESYI,TLGFFDAQRGPPWEQPEDQDVGHIGINDWAAAK,KLGGALQAK
938,CKSSEAPGNGWYEQYF,TVGFFDAQRGPPWEQPEDQHVGHVGIKDWAAAK,NLVPMVATV
939,CASVFKETRQGITYTF,TVGFFDAQRGPPWEQPEDQHVGHVGIKDWAAAK,GLCTLVAML
940,CELSVKSTGWGIGFEF,TLGFFDAPRGPPWEQPEDQDEGHLGINDWAAAQ,RPRGEVRFL
941,CALSGGCMVYEKYF,TLGFFDAQKGPPWEQPEDQDAGHIGINDWAAAK,VTEHDTLLY
942,WASSGQQIWCEQYF,TVGFFDAQRGPPWEQPEDQHVGHVGIKDWAAAK,YVLDHLIVV
943,CALSGGQWVQEQYP,TVGFFDAQRGPPWEQPEDQHVGHVGIKDWAAAK,GLCTLVAML
944,CIHSGGQIYVVQWF,TLGFFDAQRGPPWEQPEDQDVGHIGINDWAAAK,KLGGALQAK
945,HAVSYNKQGFYGYTF,TVGFFDAQRGPPWEQPEDQHVGHVGIKDWAAAK,GILGFVFTL
946,CAGDGNKQGNYWYTQ,TVGFFDAQRGPPWEQPEDQHVGHVGIKDWAAAK,ELAGIGILTV
947,SASSFYKGKETQGP,TLGFFDAQRGPPWEQPEDQDVGHIGINDWAAAK,KLGGALQAK
948,CASSTNTLKYKQYF,TLGFFDAQRGPPWEQPEDQDVGHIGINDWAAAK,KLGGALQAK
949,CASDQDYYEQSF,TVGFFDAQRGPPWEQPEDQHVGHVGIKDWAAAK,YVLDHLIVV
950,CAPSTDYEEQHK,TVGFFDAQRGPPWEQPEDQHVGHVGIKDWAAAK,LLWNGPMAV
951,CASWSDRYEFYF,TLGFFDAQRGPPWEQPEDQDVGHIGINDWAAAK,KLGGALQAK
952,CATSNLYGEQSKF,TLGFFDAQRGPPWEQPEDQDVGHIGINDWAAAK,KLGGALQAK
953,CAESHLAGWTQFD,TVGFFDAQRGPPWEQPEDQHVGHVGIKDWAAAK,GLCTLVAML
954,CMTSRLAGEMHYA,TVGFFDAQRGPPWEQPEDQHVGHVGIKDWAAAK,GLCTLVAML
955,CSEFLIMAEMRNEQFF,TVGFFDAQRGPPWEQPEDQHVGHVGIKDWAAAK,YVLDHLIVV
956,CASLGFGVSAGELCF,TVGFFDAQRGPPWEQPEDQHVGHVGIKDWAAAK,NLVPMVATV
957,CASHVAKNWGELFH,TVGFFDAQRGPPWEQPEDQHVGHVGIKDWAAAK,NLVPMVATV
958,CESSIGGYDLAES,TLGFFDAPRGPPWEQPEDQDEGHLGINDWAAAQ,TPRVTGGGAM
959,EASSFGHSGLAHT,TLGFFDAQRGPPWEQPEDQDVGHIGINDWAAAK,KLGGALQAK
960,CWSSFGIGYLVEL,TVGFFDAQRGPPWEQPEDQHVGHVGIKDWAAAK,KLFEFLVYGV
961,WCSSYGGGGLYVL,TLGFFDAQRGPPWEQPEDQDVGHIGINDWAAAK,KLGGALQAK
962,VARRLSSTHTQDF,TVGFFDAQRGPPWEQPEDQHVGHVGIKDWAAAK,GLCTLVAML
963,CAPSRSSTSEQYF,TVGFFDAQRGPPWEQPEDQHVGHVGIKDWAAAK,YVLDHLIVV
964,PASNHSSTHSQNF,TVGFFDAQRGPPWEQPEDQHVGHVGIKDWAAAK,GLCTLVAML
965,DASSLVFYGETQEA,TVGFFDAQRGPPWEQPEDQHVGHVGIKDWAAAK,YVLDHLIVV
966,CASRNAQTGNALQYF,TLGFFDAQRGPPWEQPEDQDVGHIGINDWAAAK,KLGGALQAK
967,CVSSDSKHVYF,TVGFFDAQRGPPWEQPEDQHVGHVGIKDWAAAK,GILGFVFTL
968,CWSSFIWGNLTMTQYF,TLGFFDAPRGPPWEQPEDQDEGHLGINDWAAAQ,RAKFKQLL
969,CDSMIGDQEAAYF,TVGFFDAQRGPPWEQPEDQHVGHVGIKDWAAAK,NLVPMVATV
970,MARSIGFGRRNTDAFA,TLGFFDAPRGPPWEQPEDQDEGHLGINDWAAAQ,TPRVTGGGAM
971,AALSIGDMDGWWF,TVGFFDAQRGPPWEQPEDQHVGHVGIKDWAAAK,GLCTLVAML
972,CNSYQDSLGGDDGYYF,TVGFFDAQRGPPWEQPEDQHVGHVGIKDWAAAK,EAAGIGILTV
973,TASRLLRGHGAYEQAF,TLGFFDAQRGPPWEQPEDQDVGHIGINDWAAAK,KLGGALQAK
974,AASGPASAYCLYL,TLGFFDAQRGPPWEQPEDQDVGHIGINDWAAAK,KLGGALQAK
975,CASSSCGGLAQFL,TVGFFDAQRGPPWEQPEDQHVGHVGIKDWAAAK,GILGFVFTL
976,CQSHGYWKSDSNQPQLF,TLGFFDAPRGPPWEQPEDQDEGHLGINDWAAAQ,SPRWYFYYL
977,CAKSMGNYFQYH,TVGFFDAQRGPPWEQPEDQHVGHVGIKDWAAAK,GLCTLVAML
978,CSAMVQDECYEMYF,TLGFFDAPRGPPWEQPEDQDEGHLGINDWAAAQ,GPGHKARVL
979,KWVQGQSKEQEF,TVGFFDAQRGPPWEQPEDQHVGHVGIKDWAAAK,YLQPRTFLL
980,CASSTWVGWREQFW,TVGFFDAQRGPPWEQPEDQHVGHVGIKDWAAAK,LLWNGPMAV
981,CMSMTGTYGSGTF,TVGFFDAQRGPPWEQPEDQHVGHVGIKDWAAAK,NLVPMVATV
982,YRSSTWTSHSQFF,TLGFFDAPRGPPWEQPEDQYEGHIGINDWAAAQ,NEGVKAAW
983,NASSTGTPVEQFF,TVGFFDAQRGPPWEQPEDQHVGHVGIKDWAAAK,GLCTLVAML
984,CATQRFGGGTQYP,TVGFFDAQRGPPWEQPEDQHVGHVGIKDWAAAK,SLLMWITQA
985,IKTSRFYGETWYF,TVGFFDAQRGPPWEQPEDQHVGHVGIKDWAAAK,YVLDHLIVV
986,CATQKFKYETQYF,TLGFFDAQRGPPWEQPEDQDVGHIGINDWAAAK,AVFDRKSDAK
987,CAASMGYGEVQEHQYF,TLGFFDAQRGPPWEQPEDQDVGHIGINDWAAAK,KLGGALQAK
988,CVSVPSGGQGTELFY,TVGFFDAQRGPPWEQPEDQHVGHVGIKDWAAAK,YVLDHLIVV
989,YASSQTIYNMNYEAFY,TLGFFDAPRGPPWEQPEDQDEGHLGINDWAAAQ,LPRRSGAAGA
990,CWSVGNVVGSSEQQF,TLGFFDAQRGPPWEQPEDQDVGHIGINDWAAAK,AVFDRKSDAK
991,CSAQAGDDREHCYW,TLGFFDAPRGPPWEQPEDQDEGHLGINDWAAAQ,IIKDYGKQM
992,CCSWHRGRNPECFK,TVGFFDAQRGPPWEQPEDQHVGHVGIKDWAAAK,GILGFVFTL
993,CVSSGFDKPCEIYP,TVGFFDAQRGPPWEQPEDQHVGHVGIKDWAAAK,ELAGIGILTV
994,GQARDTQDTEAFF,TVGFFDAQRGPPWEQPEDQHVGHVGIKDWAAAK,YVLDHLIVV
995,CSQRDIKETYDEWER,TVGFFDAQRGPPWEQPEDQHVGHVGIKDWAAAK,YVLDHLIVV
996,FEWINETEAFF,TLGFFDAQRGPPWEQPEDQDVGHIGINDWAAAK,KLGGALQAK
997,PAWEKETEAFF,TLGFFDAQKGPPWEQPEDQDAGHIGINDWAAAK,VTEHDTLLY
998,TAHIRETSKFF,TLGFFDAQRGPPWEQPEDQDVGHIGINDWAAAK,STLPETAVVRR
999,FAFIRGTEAFF,TVGFFDAQRGPPWEQPEDQHVGHVGIKDWAAAK,GLCTLVAML
