ÐòºÅ,tcr,hla_name,hla_sequence,antigen
1,CASSYVGNTGELFF,A*02:01,TVGFFDAQRGPPWEQPEDQHVGHVGIKDWAAAK,SLLMWITQC
2,CAISEVGVGQPQHF,A*02:01,TVGFFDAQRGPPWEQPEDQHVGHVGIKDWAAAK,AAGIGILTV
3,CAISEVGVGQPQHF,A*02:01,TVGFFDAQRGPPWEQPEDQHVGHVGIKDWAAAK,AAGIGILTV
4,CAISEVGVGQPQHF,A*02:01,TVGFFDAQRGPPWEQPEDQHVGHVGIKDWAAAK,ELAGIGILTV
5,ASSFIGGTDTQYF,A*02:01,TVGFFDAQRGPPWEQPEDQHVGHVGIKDWAAAK,YLEPGPVTV
6,ASSLGQAYEQY,B*08:01,TLGFFDAPRGPPWEQPEDQDEGHLGINDWAAAQ,FLRGRAYVL
7,ASSLGQAYEQY,B*08:01,TLGFFDAPRGPPWEQPEDQDEGHLGINDWAAAQ,TLRGRAYGL
8,ASSLGQAYEQY,B*08:01,TLGFFDAPRGPPWEQPEDQDEGHLGINDWAAAQ,FLRGRAFGL
9,ASSLGQAYEQY,B*08:01,TLGFFDAPRGPPWEQPEDQDEGHLGINDWAAAQ,FLRGRAYGL
10,ASSLGQAYEQY,B*08:01,TLGFFDAPRGPPWEQPEDQDEGHLGINDWAAAQ,YLRGRAYGL
11,ASSLGQAYEQY,B*44:02,TLGFFDAPRGPPWEQPEDQYEGHIGINDWAAAQ,EEYLKAWTF
12,ASSLGQAYEQY,B*44:05,TLGFFDAPRGPPWEQPEDQYEGHIGINDWAAAQ,EEYLQAFTY
13,ASRPGLAGGRPEQY,A*02:01,TVGFFDAQRGPPWEQPEDQHVGHVGIKDWAAAK,LLFGYPVYV
14,ASRPGLAGGRPEQY,A*02:01,TVGFFDAQRGPPWEQPEDQHVGHVGIKDWAAAK,LLFGYPVYV
15,ASRPGLAGGRPEQY,A*02:01,TVGFFDAQRGPPWEQPEDQHVGHVGIKDWAAAK,LLFGYPRYV
16,ASRPGLAGGRPEQY,A*02:01,TVGFFDAQRGPPWEQPEDQHVGHVGIKDWAAAK,LLFGYPVYV
17,ASRPGLAGGRPEQY,A*02:01,TVGFFDAQRGPPWEQPEDQHVGHVGIKDWAAAK,LLFGFPVYV
18,ASRPGLAGGRPEQY,A*02:01,TVGFFDAQRGPPWEQPEDQHVGHVGIKDWAAAK,LLYGFVNYI
19,ASRPGLAGGRPEQY,A*02:01,TVGFFDAQRGPPWEQPEDQHVGHVGIKDWAAAK,LLYGFVNYV
20,ASRPGLAGGRPEQY,A*02:01,TVGFFDAQRGPPWEQPEDQHVGHVGIKDWAAAK,LLFGYPVYV
21,ASSARSGELF,B*35:01,TLGFFDAPRGPPWEQPEDQYEGHIGINDWAAAQ,HPVGEADYFEY
22,ASSARSGELF,B*35:01,TLGFFDAPRGPPWEQPEDQYEGHIGINDWAAAQ,HPVGQADYFEY
23,ASSARSGELF,B*35:01,TLGFFDAPRGPPWEQPEDQYEGHIGINDWAAAQ,HPVGEADYFEY
24,ASSARSGELF,B*35:01,TLGFFDAPRGPPWEQPEDQYEGHIGINDWAAAQ,HPVAEADYFEY
25,ASSARSGELF,B*35:01,TLGFFDAPRGPPWEQPEDQYEGHIGINDWAAAQ,HPVGQADYFEY
26,ASSARSGELF,B*35:01,TLGFFDAPRGPPWEQPEDQYEGHIGINDWAAAQ,HPVAEADYFEY
27,ASSARSGELF,B*35:01,TLGFFDAPRGPPWEQPEDQYEGHIGINDWAAAQ,HPVGEADYFEY
28,ASSARSGELF,B*35:01,TLGFFDAPRGPPWEQPEDQYEGHIGINDWAAAQ,HPVGDADYFEY
29,ASSARSGELF,B*35:01,TLGFFDAPRGPPWEQPEDQYEGHIGINDWAAAQ,HPVGQADYFEY
30,ASSFTWTSGGATDTQY,B*08:01,TLGFFDAPRGPPWEQPEDQDEGHLGINDWAAAQ,TLRGRAYGL
31,ASSFTWTSGGATDTQY,B*08:01,TLGFFDAPRGPPWEQPEDQDEGHLGINDWAAAQ,FLRGRAFGL
32,ASSFTWTSGGATDTQY,B*08:01,TLGFFDAPRGPPWEQPEDQDEGHLGINDWAAAQ,YLRGRAYGL
33,ASSFTWTSGGATDTQY,B*08:01,TLGFFDAPRGPPWEQPEDQDEGHLGINDWAAAQ,FLRGRAYVL
34,ASSFTWTSGGATDTQY,B*08:01,TLGFFDAPRGPPWEQPEDQDEGHLGINDWAAAQ,FLRGRAYGL
35,CATSFAPGQGEHGYTF,A*24:02,TVGFFDAQRGPPWEQPEDQDEGHLGIKDWAAAK,LYPEFIASI
36,CAILGQGYGYTF,B*07:02,TLGFFDAPRGPPWEQPEDQDEGHLGINDWAAAQ,APRGPHGGAASGA
37,CAILGQGYGYTF,B*07:02,TLGFFDAPRGPPWEQPEDQDEGHLGINDWAAAQ,APRGPHGGAAAGL
38,CAILGQGYGYTF,B*07:02,TLGFFDAPRGPPWEQPEDQDEGHLGINDWAAAQ,APRGPHGGAASGL
39,CAILGQGYGYTF,B*07:02,TLGFFDAPRGPPWEQPEDQDEGHLGINDWAAAQ,AARGPHGGAASGL
40,CAILGQGYGYTF,B*07:02,TLGFFDAPRGPPWEQPEDQDEGHLGINDWAAAQ,APRGPHGGAASAL
41,CAILGQGYGYTF,B*07:02,TLGFFDAPRGPPWEQPEDQDEGHLGINDWAAAQ,APAGPHGGAASGL
42,CAILGQGYGYTF,B*07:02,TLGFFDAPRGPPWEQPEDQDEGHLGINDWAAAQ,APRGAHGGAASGL
43,CAILGQGYGYTF,B*07:02,TLGFFDAPRGPPWEQPEDQDEGHLGINDWAAAQ,APRGPHAGAASGL
44,CAILGQGYGYTF,B*07:02,TLGFFDAPRGPPWEQPEDQDEGHLGINDWAAAQ,APRGPHGGAASAL
45,CAILGQGYGYTF,B*07:02,TLGFFDAPRGPPWEQPEDQDEGHLGINDWAAAQ,APRGAHGGAASGL
46,CAILGQGYGYTF,B*07:02,TLGFFDAPRGPPWEQPEDQDEGHLGINDWAAAQ,APRGPHGGAASGL
47,CAILGQGYGYTF,B*07:02,TLGFFDAPRGPPWEQPEDQDEGHLGINDWAAAQ,APRGPHGGAASGA
48,CAILGQGYGYTF,B*07:02,TLGFFDAPRGPPWEQPEDQDEGHLGINDWAAAQ,APAGPHGGAASGL
49,CAILGQGYGYTF,B*07:02,TLGFFDAPRGPPWEQPEDQDEGHLGINDWAAAQ,APRGPHGGAAAGL
50,CAILGQGYGYTF,B*07:02,TLGFFDAPRGPPWEQPEDQDEGHLGINDWAAAQ,AARGPHGGAASGL
51,CAILGQGYGYTF,B*07:02,TLGFFDAPRGPPWEQPEDQDEGHLGINDWAAAQ,APRGPHAGAASGL
52,CASQTFSPGQTQF,B*07:02,TLGFFDAPRGPPWEQPEDQDEGHLGINDWAAAQ,APRGPHGGAASAL
53,CASQTFSPGQTQF,B*07:02,TLGFFDAPRGPPWEQPEDQDEGHLGINDWAAAQ,APRGPHGGAASGL
54,CASQTFSPGQTQF,B*07:02,TLGFFDAPRGPPWEQPEDQDEGHLGINDWAAAQ,APRGPHAGAASGL
55,CASQTFSPGQTQF,B*07:02,TLGFFDAPRGPPWEQPEDQDEGHLGINDWAAAQ,APRGPHGGAASGA
56,CASQTFSPGQTQF,B*07:02,TLGFFDAPRGPPWEQPEDQDEGHLGINDWAAAQ,AARGPHGGAASGL
57,CASQTFSPGQTQF,B*07:02,TLGFFDAPRGPPWEQPEDQDEGHLGINDWAAAQ,APRGPAGGAASGL
58,CASQTFSPGQTQF,B*07:02,TLGFFDAPRGPPWEQPEDQDEGHLGINDWAAAQ,APRGPHGGAAAGL
59,CASQTFSPGQTQF,B*07:02,TLGFFDAPRGPPWEQPEDQDEGHLGINDWAAAQ,APRGPHGGAAAGL
60,CASQTFSPGQTQF,B*07:02,TLGFFDAPRGPPWEQPEDQDEGHLGINDWAAAQ,AARGPHGGAASGL
61,CASQTFSPGQTQF,B*07:02,TLGFFDAPRGPPWEQPEDQDEGHLGINDWAAAQ,APRGPHGGAASGA
62,CASQTFSPGQTQF,B*07:02,TLGFFDAPRGPPWEQPEDQDEGHLGINDWAAAQ,APRGPHAGAASGL
63,CASQTFSPGQTQF,B*07:02,TLGFFDAPRGPPWEQPEDQDEGHLGINDWAAAQ,APRGPHGGAASAL
64,CASQTFSPGQTQF,B*07:02,TLGFFDAPRGPPWEQPEDQDEGHLGINDWAAAQ,APRGPAGGAASGL
65,CASQTFSPGQTQF,B*07:02,TLGFFDAPRGPPWEQPEDQDEGHLGINDWAAAQ,APRGPHGGAASGL
66,CASSYVGNTGELFF,A*02:01,TVGFFDAQRGPPWEQPEDQHVGHVGIKDWAAAK,SLLMWITQC
67,CASSLLIGGAQETQYF,A*11:01,TLGFFDAQRGPPWEQPEDQDVGHIGINDWAAAK,LVVDFSQFSR
68,CSASQFPGLTYEQYF,A*11:01,TLGFFDAQRGPPWEQPEDQDVGHIGINDWAAAK,STLPETAVVRR
69,CSARGGRGGDYTF,A*11:01,TLGFFDAQRGPPWEQPEDQDVGHIGINDWAAAK,STLPETAVVRR
70,CSARGGRGGDYTF,A*11:01,TLGFFDAQRGPPWEQPEDQDVGHIGINDWAAAK,LVVDFSQFSR
71,CSARGGRGGDYTF,A*11:01,TLGFFDAQRGPPWEQPEDQDVGHIGINDWAAAK,STLPETAVVRR
72,CSARGGRGGDYTF,A*11:01,TLGFFDAQRGPPWEQPEDQDVGHIGINDWAAAK,KTAYSHLSTSK
73,CSARGGRGGDYTF,A*11:01,TLGFFDAQRGPPWEQPEDQDVGHIGINDWAAAK,STLPETAVVRR
74,CSARGGRGGDYTF,A*11:01,TLGFFDAQRGPPWEQPEDQDVGHIGINDWAAAK,LVVDFSQFSR
75,CSASGETYNEQFF,A*11:01,TLGFFDAQRGPPWEQPEDQDVGHIGINDWAAAK,STLPETAVVRR
76,CASGDSNSPLHF,A*11:01,TLGFFDAQRGPPWEQPEDQDVGHIGINDWAAAK,STLPETAVVRR
77,CASGDSNSPLHF,A*11:01,TLGFFDAQRGPPWEQPEDQDVGHIGINDWAAAK,KTAYSHLSTSK
78,CASGDSNSPLHF,A*11:01,TLGFFDAQRGPPWEQPEDQDVGHIGINDWAAAK,LVVDFSQFSR
79,CASGDSNSPLHF,A*11:01,TLGFFDAQRGPPWEQPEDQDVGHIGINDWAAAK,KTAYSHLSTSK
80,CASGDSNSPLHF,A*11:01,TLGFFDAQRGPPWEQPEDQDVGHIGINDWAAAK,STLPETAVVRR
81,CASGDSNSPLHF,A*11:01,TLGFFDAQRGPPWEQPEDQDVGHIGINDWAAAK,STLPETAVVRR
82,CASGDSNSPLHF,A*11:01,TLGFFDAQRGPPWEQPEDQDVGHIGINDWAAAK,STLPETAVVRR
83,CASGDSNSPLHF,A*11:01,TLGFFDAQRGPPWEQPEDQDVGHIGINDWAAAK,STLPETAVVRR
84,CASGDSNSPLHF,A*11:01,TLGFFDAQRGPPWEQPEDQDVGHIGINDWAAAK,STLPETAVVRR
85,CASGDSNSPLHF,A*11:01,TLGFFDAQRGPPWEQPEDQDVGHIGINDWAAAK,STLPETAVVRR
86,CASGDSNSPLHF,A*11:01,TLGFFDAQRGPPWEQPEDQDVGHIGINDWAAAK,KTAYSHLSTSK
87,CASGDSNSPLHF,A*11:01,TLGFFDAQRGPPWEQPEDQDVGHIGINDWAAAK,LVVDFSQFSR
88,CASGDSNSPLHF,A*11:01,TLGFFDAQRGPPWEQPEDQDVGHIGINDWAAAK,LVVDFSQFSR
89,CASSEALDGSYEQYF,A*11:01,TLGFFDAQRGPPWEQPEDQDVGHIGINDWAAAK,STLPETAVVRR
90,CASRDRREQFF,A*11:01,TLGFFDAQRGPPWEQPEDQDVGHIGINDWAAAK,LVVDFSQFSR
91,CASRDRREQFF,A*11:01,TLGFFDAQRGPPWEQPEDQDVGHIGINDWAAAK,KTAYSHLSTSK
92,CASRDRREQFF,A*11:01,TLGFFDAQRGPPWEQPEDQDVGHIGINDWAAAK,LVVDFSQFSR
93,CASRDRREQFF,A*11:01,TLGFFDAQRGPPWEQPEDQDVGHIGINDWAAAK,KTAYSHLSTSK
94,CASSEIPGAPDTQYF,A*11:01,TLGFFDAQRGPPWEQPEDQDVGHIGINDWAAAK,STLPETAVVRR
95,CASSEQGADNSPLHF,A*11:01,TLGFFDAQRGPPWEQPEDQDVGHIGINDWAAAK,STLPETAVVRR
96,CASSEQGADNSPLHF,A*11:01,TLGFFDAQRGPPWEQPEDQDVGHIGINDWAAAK,KTAYSHLSTSK
97,CASSESLGVSAYEQYF,A*11:01,TLGFFDAQRGPPWEQPEDQDVGHIGINDWAAAK,LVVDFSQFSR
98,CASSESLGVSAYEQYF,A*11:01,TLGFFDAQRGPPWEQPEDQDVGHIGINDWAAAK,STLPETAVVRR
99,CASSESLGVSAYEQYF,A*11:01,TLGFFDAQRGPPWEQPEDQDVGHIGINDWAAAK,LVVDFSQFSR
100,CASSFKSTGQGIGYTF,A*11:01,TLGFFDAQRGPPWEQPEDQDVGHIGINDWAAAK,LVVDFSQFSR
101,CASSFKSTGQGIGYTF,A*11:01,TLGFFDAQRGPPWEQPEDQDVGHIGINDWAAAK,STLPETAVVRR
102,CASSGGQIVYEQYF,A*11:01,TLGFFDAQRGPPWEQPEDQDVGHIGINDWAAAK,STLPETAVVRR
103,CASSGGQIVYEQYF,A*11:01,TLGFFDAQRGPPWEQPEDQDVGHIGINDWAAAK,STLPETAVVRR
104,CASSGGQIVYEQYF,A*11:01,TLGFFDAQRGPPWEQPEDQDVGHIGINDWAAAK,STLPETAVVRR
105,CASSGGQIVYEQYF,A*11:01,TLGFFDAQRGPPWEQPEDQDVGHIGINDWAAAK,LVVDFSQFSR
106,CASSGNKQGDYGYTF,A*11:01,TLGFFDAQRGPPWEQPEDQDVGHIGINDWAAAK,STLPETAVVRR
107,CASSGNKQGDYGYTF,A*11:01,TLGFFDAQRGPPWEQPEDQDVGHIGINDWAAAK,KTAYSHLSTSK
108,CASSLYTGKETQYF,A*11:01,TLGFFDAQRGPPWEQPEDQDVGHIGINDWAAAK,KTAYSHLSTSK
109,CASSLYTGKETQYF,A*11:01,TLGFFDAQRGPPWEQPEDQDVGHIGINDWAAAK,STLPETAVVRR
110,CASSSDYYEQYF,A*11:01,TLGFFDAQRGPPWEQPEDQDVGHIGINDWAAAK,STLPETAVVRR
111,CASSSDYYEQYF,A*11:01,TLGFFDAQRGPPWEQPEDQDVGHIGINDWAAAK,KTAYSHLSTSK
112,CASSSDYYEQYF,A*11:01,TLGFFDAQRGPPWEQPEDQDVGHIGINDWAAAK,LVVDFSQFSR
113,CATSRLAGETQYF,A*11:01,TLGFFDAQRGPPWEQPEDQDVGHIGINDWAAAK,STLPETAVVRR
114,CATSRLAGETQYF,A*11:01,TLGFFDAQRGPPWEQPEDQDVGHIGINDWAAAK,KTAYSHLSTSK
115,CATSRLAGETQYF,A*11:01,TLGFFDAQRGPPWEQPEDQDVGHIGINDWAAAK,LVVDFSQFSR
116,CSESLSLAGVYNEQFF,A*11:01,TLGFFDAQRGPPWEQPEDQDVGHIGINDWAAAK,LVVDFSQFSR
117,CASEGTGVSTGELFF,A*11:01,TLGFFDAQRGPPWEQPEDQDVGHIGINDWAAAK,STLPETAVVRR
118,CASNVGLNTGELFF,A*11:01,TLGFFDAQRGPPWEQPEDQDVGHIGINDWAAAK,STLPETAVVRR
119,CASSFGGGGLAEL,A*11:01,TLGFFDAQRGPPWEQPEDQDVGHIGINDWAAAK,LVVDFSQFSR
120,CASSFGGGGLAEL,A*11:01,TLGFFDAQRGPPWEQPEDQDVGHIGINDWAAAK,LVVDFSQFSR
121,CASSFGGGGLAEL,A*11:01,TLGFFDAQRGPPWEQPEDQDVGHIGINDWAAAK,KTAYSHLSTSK
122,CASSFGGGGLAEL,A*11:01,TLGFFDAQRGPPWEQPEDQDVGHIGINDWAAAK,STLPETAVVRR
123,CASSLSSTHEQYF,A*11:01,TLGFFDAQRGPPWEQPEDQDVGHIGINDWAAAK,KTAYSHLSTSK
124,CASSLSSTHEQYF,A*11:01,TLGFFDAQRGPPWEQPEDQDVGHIGINDWAAAK,STLPETAVVRR
125,CASSLSSTHEQYF,A*11:01,TLGFFDAQRGPPWEQPEDQDVGHIGINDWAAAK,STLPETAVVRR
126,CASSLVFSGETQYF,A*11:01,TLGFFDAQRGPPWEQPEDQDVGHIGINDWAAAK,STLPETAVVRR
127,CASRFAGTGNNEQYF,A*11:01,TLGFFDAQRGPPWEQPEDQDVGHIGINDWAAAK,STLPETAVVRR
128,CASSDSKTQYF,A*11:01,TLGFFDAQRGPPWEQPEDQDVGHIGINDWAAAK,STLPETAVVRR
129,CASSFPWGALTDTQYF,A*11:01,TLGFFDAQRGPPWEQPEDQDVGHIGINDWAAAK,STLPETAVVRR
130,CASSIGDQETQYF,A*11:01,TLGFFDAQRGPPWEQPEDQDVGHIGINDWAAAK,STLPETAVVRR
131,CASSIGFGTSNTEAFF,A*11:01,TLGFFDAQRGPPWEQPEDQDVGHIGINDWAAAK,STLPETAVVRR
132,CASSIGVMDGYTF,A*11:01,TLGFFDAQRGPPWEQPEDQDVGHIGINDWAAAK,STLPETAVVRR
133,CASSLDSLGGSDGYTF,A*11:01,TLGFFDAQRGPPWEQPEDQDVGHIGINDWAAAK,STLPETAVVRR
134,CASSLFYGGGAYEQYF,A*11:01,TLGFFDAQRGPPWEQPEDQDVGHIGINDWAAAK,STLPETAVVRR
135,CASSPASAYEQYF,A*11:01,TLGFFDAQRGPPWEQPEDQDVGHIGINDWAAAK,STLPETAVVRR
136,CASSSAGGFEQFF,A*11:01,TLGFFDAQRGPPWEQPEDQDVGHIGINDWAAAK,STLPETAVVRR
137,CASTGYWDSDSNQPQHF,A*11:01,TLGFFDAQRGPPWEQPEDQDVGHIGINDWAAAK,STLPETAVVRR
138,CATSTGNYEQYF,A*11:01,TLGFFDAQRGPPWEQPEDQDVGHIGINDWAAAK,STLPETAVVRR
139,CSASVGDESYEQYF,A*11:01,TLGFFDAQRGPPWEQPEDQDVGHIGINDWAAAK,STLPETAVVRR
140,CSVQGASYEQYF,A*11:01,TLGFFDAQRGPPWEQPEDQDVGHIGINDWAAAK,STLPETAVVRR
141,CASSTRGGWNEQFF,A*11:01,TLGFFDAQRGPPWEQPEDQDVGHIGINDWAAAK,KTAYSHLSTSK
142,CASSTGTSGSQFF,A*11:01,TLGFFDAQRGPPWEQPEDQDVGHIGINDWAAAK,LVVDFSQFSR
143,CASSTGTSGSQFF,A*11:01,TLGFFDAQRGPPWEQPEDQDVGHIGINDWAAAK,STLPETAVVRR
144,CASSTGTSGSQFF,A*11:01,TLGFFDAQRGPPWEQPEDQDVGHIGINDWAAAK,KTAYSHLSTSK
145,CATSRFGGETQYF,A*11:01,TLGFFDAQRGPPWEQPEDQDVGHIGINDWAAAK,LVVDFSQFSR
146,CATSRFGGETQYF,A*11:01,TLGFFDAQRGPPWEQPEDQDVGHIGINDWAAAK,STLPETAVVRR
147,CATSRFGGETQYF,A*11:01,TLGFFDAQRGPPWEQPEDQDVGHIGINDWAAAK,KTAYSHLSTSK
148,CASSGGAGLVQETQYF,A*11:01,TLGFFDAQRGPPWEQPEDQDVGHIGINDWAAAK,LVVDFSQFSR
149,CASSPSGGSGTEAFF,A*11:01,TLGFFDAQRGPPWEQPEDQDVGHIGINDWAAAK,LVVDFSQFSR
150,CASSQDLGNMNTEAFF,A*11:01,TLGFFDAQRGPPWEQPEDQDVGHIGINDWAAAK,LVVDFSQFSR
151,CASSGNTAGSYEQYF,A*11:01,TLGFFDAQRGPPWEQPEDQDVGHIGINDWAAAK,STLPETAVVRR
152,CSARAGEDRETQYF,A*11:01,TLGFFDAQRGPPWEQPEDQDVGHIGINDWAAAK,STLPETAVVRR
153,CASRHRGGNTEAFF,A*11:01,TLGFFDAQRGPPWEQPEDQDVGHIGINDWAAAK,STLPETAVVRR
154,CASSDFLKPYEQYV,A*11:01,TLGFFDAQRGPPWEQPEDQDVGHIGINDWAAAK,STLPETAVVRR
155,CSARGTADTEAFF,A*11:01,TLGFFDAQRGPPWEQPEDQDVGHIGINDWAAAK,KTAYSHLSTSK
156,CSARDIAETYNEQFF,A*11:01,TLGFFDAQRGPPWEQPEDQDVGHIGINDWAAAK,STLPETAVVRR
157,CAWIRETEAFF,A*11:01,TLGFFDAQRGPPWEQPEDQDVGHIGINDWAAAK,KTAYSHLSTSK
158,CAWIRETEAFF,A*11:01,TLGFFDAQRGPPWEQPEDQDVGHIGINDWAAAK,KTAYSHLSTSK
159,CAWIRETEAFF,A*11:01,TLGFFDAQRGPPWEQPEDQDVGHIGINDWAAAK,KTAYSHLSTSK
160,CAWIRETEAFF,A*11:01,TLGFFDAQRGPPWEQPEDQDVGHIGINDWAAAK,STLPETAVVRR
161,CATSRDPDRYEQYF,A*11:01,TLGFFDAQRGPPWEQPEDQDVGHIGINDWAAAK,KTAYSHLSTSK
162,CSARDGTDYGYTF,A*11:01,TLGFFDAQRGPPWEQPEDQDVGHIGINDWAAAK,KTAYSHLSTSK
163,ASSHQAGALYNEQFF,A*29:02,TLGFFDAQRGPPWEQPEDQDAGHIGINDWAAAQ,EVLPFFLFF
164,ASSLGQAYEQY,B*44:05,TLGFFDAPRGPPWEQPEDQYEGHIGINDWAAAQ,EEYLKAWTF
165,ASSARSGELF,B*35:08,TLGFFDAPRGPPWEQPEDQYEGHIGINDWAAAQ,HPVAEADYFEY
166,ASSARSGELF,B*35:08,TLGFFDAPRGPPWEQPEDQYEGHIGINDWAAAQ,HPVGEADYFEY
167,ASSARSGELF,B*35:08,TLGFFDAPRGPPWEQPEDQYEGHIGINDWAAAQ,HPVGDADYFEY
168,ASSARSGELF,B*35:08,TLGFFDAPRGPPWEQPEDQYEGHIGINDWAAAQ,HPVGQADYFEY
